"Object ID","Organization Name","Approved On Street","Borough Name","Approved From Street","Approved To Street","apprDaysWe","Status Type","Approved Monday Open","Approved Monday Close","Approved Tuesday Open","Approved Tuesday Close","Approved Wednesday Open","Approved Wednesday Close","Approved Thursday Open","Approved Thursday Close","Approved Friday Open","Approved Friday Close","Approved Saturday Open","Approved Saturday Close","Approved Sunday Open","Approved Sunday Close","apprStartD","apprEndDat","Shape_STLe","segmentidt","segmentidf","lionversion","The_Geom"
"1","PS 5","DEISIUS STREET","Staten Island","KINGDOM AVENUE","STECHER STREET","mon,tue,wed,thu,fri","approvedFullSchools","07:30","15:00","07:30","15:00","07:30","15:00","07:30","15:00","07:30","15:00",,,,,"09/05/2024","06/27/2025","264.932398036","0002920","0002920","23C","MULTILINESTRING ((-74.1873831898433 40.530277241331774, -74.18822428664825 40.529935294014585))"
"2","Council of Jewish Organizations of Staten Island, a project of the Igud Harabonim of America Inc","SUFFOLK AVENUE","Staten Island","HAROLD STREET","QUEEN STREET","fri,sat,sun","approvedFull",,,,,,,,,"14:00","21:00","09:00","21:00","09:00","21:00","03/29/2024","10/31/2024","313.087821487","0008171","0008171","23C","MULTILINESTRING ((-74.12783562100836 40.602878201340545, -74.12771571744001 40.60202371219388))"
"3","Council of Jewish Organizations of Staten Island, a project of the Igud Harabonim of America Inc","SUFFOLK AVENUE","Staten Island","HAROLD STREET","QUEEN STREET","fri,sat,sun","approvedFull",,,,,,,,,"14:00","21:00","09:00","21:00","09:00","21:00","03/29/2024","10/31/2024","142.063500219","0008177","0008177","23C","MULTILINESTRING ((-74.12771571744001 40.60202371219388, -74.12765627029424 40.60163641824381))"
"4","Council of Jewish Organizations of Staten Island, a project of the Igud Harabonim of America Inc","VERMONT COURT","Staten Island","GANSEVOORT BOULEVARD","SUFFOLK AVENUE","fri,sat,sun","approvedFull",,,,,,,,,"14:00","21:00","09:00","21:00","09:00","21:00","03/29/2024","10/31/2024","421.392020366","0008218","0008218","23C","MULTILINESTRING ((-74.12620041947886 40.60208600932924, -74.12771571744001 40.60202371219388))"
"5","New Dorp Lane Management Association","9 STREET","Staten Island","ROSE AVENUE","NEW DORP LANE","fri,sat,sun","approvedFull",,,,,,,,,"19:00","23:00","18:00","23:00","18:00","23:00","05/24/2024","11/01/2024","448.103939286","0010673","0010673","23C","MULTILINESTRING ((-74.11480751234811 40.57315907351146, -74.11576065378974 40.572166827674025))"
"6","Merchants of third Avenue Civic improvement assoc, inc","3 AVENUE","Brooklyn","82 STREET","MARINE AVENUE","fri","approvedFull",,,,,,,,,"16:00","22:00",,,,,"07/19/2024","08/02/2024","329.974665053","0016745","0016745","23C","MULTILINESTRING ((-74.03418995725625 40.61580488357089, -74.03453827155818 40.61493893845251))"
"7","Merchants of third Avenue Civic improvement assoc, inc","3 AVENUE","Brooklyn","82 STREET","MARINE AVENUE","fri","approvedFull",,,,,,,,,"16:00","22:00",,,,,"07/19/2024","08/02/2024","41.4125057236","0016747","0016747","23C","MULTILINESTRING ((-74.03414586357573 40.615913472483, -74.03418995725625 40.61580488357089))"
"8","Merchants of third Avenue Civic improvement assoc, inc","3 AVENUE","Brooklyn","82 STREET","MARINE AVENUE","fri","approvedFull",,,,,,,,,"16:00","22:00",,,,,"07/19/2024","08/02/2024","255.494816368","0016903","0016903","23C","MULTILINESTRING ((-74.03331256674338 40.617945004659646, -74.03358936528736 40.61727619650952))"
"9","Merchants of third Avenue Civic improvement assoc, inc","3 AVENUE","Brooklyn","82 STREET","MARINE AVENUE","fri","approvedFull",,,,,,,,,"16:00","22:00",,,,,"07/19/2024","08/02/2024","265.235069463","0016905","0016905","23C","MULTILINESTRING ((-74.03303206530377 40.618640935040304, -74.03331256674338 40.617945004659646))"
"10","Merchants of third Avenue Civic improvement assoc, inc","3 AVENUE","Brooklyn","82 STREET","MARINE AVENUE","fri","approvedFull",,,,,,,,,"16:00","22:00",,,,,"07/19/2024","08/02/2024","67.4368444386","0016906","0016906","23C","MULTILINESTRING ((-74.03295871695441 40.6188173951014, -74.03303206530377 40.618640935040304))"
"11","Merchants of third Avenue Civic improvement assoc, inc","3 AVENUE","Brooklyn","82 STREET","MARINE AVENUE","fri","approvedFull",,,,,,,,,"16:00","22:00",,,,,"07/19/2024","08/02/2024","192.933591092","0016908","0016908","23C","MULTILINESTRING ((-74.03275211847779 40.6193230163212, -74.03295871695441 40.6188173951014))"
"12","Merchants of third Avenue Civic improvement assoc, inc","3 AVENUE","Brooklyn","82 STREET","MARINE AVENUE","fri","approvedFull",,,,,,,,,"16:00","22:00",,,,,"07/19/2024","08/02/2024","97.7896886546","0016918","0016918","23C","MULTILINESTRING ((-74.03264688747291 40.61957917141329, -74.03275211847779 40.6193230163212))"
"13","Merchants of third Avenue Civic improvement assoc, inc","3 AVENUE","Brooklyn","82 STREET","MARINE AVENUE","fri","approvedFull",,,,,,,,,"16:00","22:00",,,,,"07/19/2024","08/02/2024","161.976592477","0016920","0016920","23C","MULTILINESTRING ((-74.03247442258227 40.62000389674128, -74.03264688747291 40.61957917141329))"
"14","Merchants of third Avenue Civic improvement assoc, inc","3 AVENUE","Brooklyn","82 STREET","MARINE AVENUE","fri","approvedFull",,,,,,,,,"16:00","22:00",,,,,"07/19/2024","08/02/2024","136.642581776","0016922","0016922","23C","MULTILINESTRING ((-74.03232748562894 40.620361850027074, -74.03247442258227 40.62000389674128))"
"15","Merchants of third Avenue Civic improvement assoc, inc","3 AVENUE","Brooklyn","82 STREET","MARINE AVENUE","fri","approvedFull",,,,,,,,,"16:00","22:00",,,,,"07/19/2024","08/02/2024","124.175725143","0016923","0016923","23C","MULTILINESTRING ((-74.03219532778388 40.62068747028918, -74.03232748562894 40.620361850027074))"
"16","Merchants of third Avenue Civic improvement assoc, inc","3 AVENUE","Brooklyn","82 STREET","MARINE AVENUE","fri","approvedFull",,,,,,,,,"16:00","22:00",,,,,"07/19/2024","08/02/2024","134.840687397","0016924","0016924","23C","MULTILINESTRING ((-74.03205002825436 40.62104063196681, -74.03219532778388 40.62068747028918))"
"17","Merchants of third Avenue Civic improvement assoc, inc","3 AVENUE","Brooklyn","82 STREET","MARINE AVENUE","fri","approvedFull",,,,,,,,,"16:00","22:00",,,,,"07/19/2024","08/02/2024","124.460951136","0016926","0016926","23C","MULTILINESTRING ((-74.03191786810369 40.62136707136032, -74.03205002825436 40.62104063196681))"
"18","Merchants of third Avenue Civic improvement assoc, inc","3 AVENUE","Brooklyn","82 STREET","MARINE AVENUE","fri","approvedFull",,,,,,,,,"16:00","22:00",,,,,"07/19/2024","08/02/2024","260.043030901","0016928","0016928","23C","MULTILINESTRING ((-74.03163907998064 40.62204849112868, -74.03191786810369 40.62136707136032))"
"19","Merchants of third Avenue Civic improvement assoc, inc","3 AVENUE","Brooklyn","82 STREET","MARINE AVENUE","fri","approvedFull",,,,,,,,,"16:00","22:00",,,,,"07/19/2024","08/02/2024","259.662976369","0016931","0016931","23C","MULTILINESTRING ((-74.0313598837787 40.62272872159539, -74.03163907998064 40.62204849112868))"
"20","Merchants of third Avenue Civic improvement assoc, inc","3 AVENUE","Brooklyn","82 STREET","MARINE AVENUE","fri","approvedFull",,,,,,,,,"16:00","22:00",,,,,"07/19/2024","08/02/2024","280.141969981","0016933","0016933","23C","MULTILINESTRING ((-74.03105991808857 40.62346289810631, -74.0313598837787 40.62272872159539))"
"21","Merchants of third Avenue Civic improvement assoc, inc","3 AVENUE","Brooklyn","82 STREET","MARINE AVENUE","fri","approvedFull",,,,,,,,,"16:00","22:00",,,,,"07/19/2024","08/02/2024","330.082093011","0016935","0016935","23C","MULTILINESTRING ((-74.03070775554673 40.62432825748878, -74.03105991808857 40.62346289810631))"
"22","Merchants of third Avenue Civic improvement assoc, inc","3 AVENUE","Brooklyn","82 STREET","MARINE AVENUE","fri","approvedFull",,,,,,,,,"16:00","22:00",,,,,"07/19/2024","08/02/2024","260.272018748","0016937","0016937","23C","MULTILINESTRING ((-74.030427276358 40.62500993570244, -74.03070775554673 40.62432825748878))"
"23","Merchants of third Avenue Civic improvement assoc, inc","3 AVENUE","Brooklyn","82 STREET","MARINE AVENUE","fri","approvedFull",,,,,,,,,"16:00","22:00",,,,,"07/19/2024","08/02/2024","259.820076011","0016947","0016947","23C","MULTILINESTRING ((-74.03014945041245 40.625690946100754, -74.030427276358 40.62500993570244))"
"24","Merchants of third Avenue Civic improvement assoc, inc","3 AVENUE","Brooklyn","82 STREET","MARINE AVENUE","fri","approvedFull",,,,,,,,,"16:00","22:00",,,,,"07/19/2024","08/02/2024","260.384731838","0016949","0016949","23C","MULTILINESTRING ((-74.0298710403257 40.62637344178675, -74.03014945041245 40.625690946100754))"
"25","Merchants Of third Avenue Civic Improvement assoc. Inc","3 AVENUE","Brooklyn","68 STREET","82 STREET","fri","approvedFull",,,,,,,,,"16:00","22:00",,,,,"07/26/2024","08/09/2024","278.579974214","0017086","0017086","23C","MULTILINESTRING ((-74.02957284842162 40.62710355232142, -74.0298710403257 40.62637344178675))"
"26","Merchants Of third Avenue Civic Improvement assoc. Inc","3 AVENUE","Brooklyn","68 STREET","82 STREET","fri","approvedFull",,,,,,,,,"16:00","22:00",,,,,"07/26/2024","08/09/2024","278.323134419","0017094","0017094","23C","MULTILINESTRING ((-74.02927464966953 40.627832923599954, -74.02957284842162 40.62710355232142))"
"27","Merchants Of third Avenue Civic Improvement assoc. Inc","3 AVENUE","Brooklyn","68 STREET","82 STREET","fri","approvedFull",,,,,,,,,"16:00","22:00",,,,,"07/26/2024","08/09/2024","278.999934748","0017096","0017096","23C","MULTILINESTRING ((-74.02897575964259 40.62856407724997, -74.02927464966953 40.627832923599954))"
"28","Merchants Of third Avenue Civic Improvement assoc. Inc","3 AVENUE","Brooklyn","68 STREET","82 STREET","fri","approvedFull",,,,,,,,,"16:00","22:00",,,,,"07/26/2024","08/09/2024","278.593040312","0017098","0017098","23C","MULTILINESTRING ((-74.02867799736445 40.62929432926347, -74.02897575964259 40.62856407724997))"
"29","Merchants Of third Avenue Civic Improvement assoc. Inc","3 AVENUE","Brooklyn","68 STREET","82 STREET","fri","approvedFull",,,,,,,,,"16:00","22:00",,,,,"07/26/2024","08/09/2024","277.969649694","0017100","0017100","23C","MULTILINESTRING ((-74.02838003867271 40.63002274343579, -74.02867799736445 40.62929432926347))"
"30","Merchants Of third Avenue Civic Improvement assoc. Inc","3 AVENUE","Brooklyn","68 STREET","82 STREET","fri","approvedFull",,,,,,,,,"16:00","22:00",,,,,"07/26/2024","08/09/2024","279.168986505","0017104","0017104","23C","MULTILINESTRING ((-74.02808018355611 40.630754155970635, -74.02838003867271 40.63002274343579))"
"31","Merchants Of third Avenue Civic Improvement assoc. Inc","3 AVENUE","Brooklyn","68 STREET","82 STREET","fri","approvedFull",,,,,,,,,"16:00","22:00",,,,,"07/26/2024","08/09/2024","270.566439606","0017106","0017106","23C","MULTILINESTRING ((-74.02779098610115 40.63146336728554, -74.02808018355611 40.630754155970635))"
"32","Merchants Of third Avenue Civic Improvement assoc. Inc","3 AVENUE","Brooklyn","68 STREET","82 STREET","fri","approvedFull",,,,,,,,,"16:00","22:00",,,,,"07/26/2024","08/09/2024","263.864648177","0017108","0017108","23C","MULTILINESTRING ((-74.02750722417623 40.63215460215124, -74.02779098610115 40.63146336728554))"
"33","Merchants Of third Avenue Civic Improvement assoc. Inc","3 AVENUE","Brooklyn","68 STREET","82 STREET","fri","approvedFull",,,,,,,,,"16:00","22:00",,,,,"07/26/2024","08/09/2024","259.962313158","0017110","0017110","23C","MULTILINESTRING ((-74.027229551641 40.632836064187806, -74.02750722417623 40.63215460215124))"
"34","PS 170K The Ralph A. Fabrizio School","71 STREET","Brooklyn","6 AVENUE","7 AVENUE","mon,tue,wed,thu,fri","approvedFullSchools","14:30","15:00","14:30","15:00","14:30","15:00","14:30","15:00","14:30","15:00",,,,,"09/05/2024","06/27/2025","332.717429678","0017313","0017313","23C","MULTILINESTRING ((-74.01906269227025 40.63103852461082, -74.01812288842963 40.630471655508366))"
"35","Merchants Of third Avenue Civic Improvement assoc. Inc","3 AVENUE","Brooklyn","68 STREET","82 STREET","fri","approvedFull",,,,,,,,,"16:00","22:00",,,,,"07/26/2024","08/09/2024","259.498730733","0017549","0017549","23C","MULTILINESTRING ((-74.02695077349583 40.63351593184248, -74.027229551641 40.632836064187806))"
"36","Merchants Of third Avenue Civic Improvement assoc. Inc","3 AVENUE","Brooklyn","68 STREET","82 STREET","fri","approvedFull",,,,,,,,,"16:00","22:00",,,,,"07/26/2024","08/09/2024","259.383531413","0017551","0017551","23C","MULTILINESTRING ((-74.02667961447618 40.634197255843354, -74.02695077349583 40.63351593184248))"
"37","Merchants Of third Avenue Civic Improvement assoc. Inc","3 AVENUE","Brooklyn","68 STREET","82 STREET","fri","approvedFull",,,,,,,,,"16:00","22:00",,,,,"07/26/2024","08/09/2024","257.420884564","0017552","0017552","23C","MULTILINESTRING ((-74.0263794618838 40.63486579753718, -74.02667961447618 40.634197255843354))"
"38","Merchants Of third Avenue Civic Improvement assoc. Inc","3 AVENUE","Brooklyn","68 STREET","82 STREET","fri","approvedFull",,,,,,,,,"16:00","22:00",,,,,"07/26/2024","08/09/2024","332.585698424","0017629","0017629","23C","MULTILINESTRING ((-74.02603960484392 40.63574118940488, -74.0263794618838 40.63486579753718))"
"39","Merchants Of third Avenue Civic Improvement assoc. Inc","3 AVENUE","Brooklyn","68 STREET","82 STREET","fri","approvedFull",,,,,,,,,"16:00","22:00",,,,,"07/26/2024","08/09/2024","276.166590478","0017640","0017640","23C","MULTILINESTRING ((-74.02574552328825 40.636465344902454, -74.02603960484392 40.63574118940488))"
"40","Hometown Bar B Que","REED STREET","Brooklyn","CONOVER STREET","VAN BRUNT STREET","tue,wed,thu,fri,sat,sun","approvedFull",,,"16:00","22:00","16:00","22:00","16:00","22:00","16:00","23:00","12:00","23:00","12:00","22:00","04/01/2024","12/01/2024","454.115102858","0017991","0017991","23C","MULTILINESTRING ((-74.01603631662975 40.6746793910582, -74.01726307328852 40.67550477857174))"
"41","Alliance for Coney Island","WEST 12 STREET","Brooklyn","SURF AVENUE","BOWERY","sat","approvedFull",,,,,,,,,,,"10:30","19:30",,,"06/29/2024","07/27/2024","279.146182738","0018473","0018473","23C","MULTILINESTRING ((-73.97963850334689 40.575536730356596, -73.97964342665841 40.57477053805103))"
"42","Federation of Italian American Organizations","BENSON AVENUE","Brooklyn","BAY 19 STREET","18 AVENUE","mon,tue,wed,thu,fri","approvedFull","08:00","15:00","08:00","15:00","08:00","15:00","08:00","15:00","08:00","15:00",,,,,"07/01/2024","08/09/2024","168.022324909","0018591","0018591","23C","MULTILINESTRING ((-74.0049344885168 40.60507440608603, -74.00444636784215 40.60480184705242))"
"43","Bet Yaakov Yesodot Hatorah","82 STREET","Brooklyn","24 AVENUE","STILLWELL AVENUE","mon,tue,wed,thu,fri","approvedFullSchools","10:00","15:00","10:00","15:00","10:00","15:00","10:00","15:00","10:00","11:00",,,,,"09/09/2024","06/18/2025","340.382923174","0019065","0019065","23C","MULTILINESTRING ((-73.98702478121979 40.60153373761022, -73.98605968626204 40.600957740668676))"
"44","PS 169 Sunset Park School","43 STREET","Brooklyn","8 AVENUE","7 AVENUE","mon,thu,fri","approvedFullSchools","09:30","14:00",,,,,"09:30","14:00","09:30","14:00",,,,,"09/05/2024","06/27/2025","778.422874359","0020973","0020973","23C","MULTILINESTRING ((-74.00183596298312 40.64637018922582, -73.99963885933298 40.645041887099765))"
"45","MASJID NUR AL ISLAM","CHESTER AVENUE","Brooklyn","CHURCH AVENUE","LOUISA STREET","fri","approvedFull",,,,,,,,,"12:00","15:00",,,,,"03/08/2024","03/31/2025","410.018640785","0021398","0021398","23C","MULTILINESTRING ((-73.98311929003879 40.642539814339095, -73.98244454209303 40.641538625983465))"
"46","Red Hook Initiative","WEST 9 STREET","Brooklyn","HENRY STREET","HICKS STREET","mon,tue,wed,thu,fri","approvedFull","07:00","19:00","09:00","19:00","09:00","19:00","09:00","19:00","09:00","15:00",,,,,"07/01/2024","12/31/2024","463.967848632","0021720","0021720","23C","MULTILINESTRING ((-74.00476403718542 40.67670956705599, -74.00319364334875 40.67627105268043))"
"47","Living Traditions Inc.","COLUMBIA STREET","Brooklyn","HAMILTON AVENUE","WOODHULL STREET","sat","approvedFull",,,,,,,,,,,"11:00","22:00",,,"06/01/2024","07/13/2024","216.27400544","0021936","0021936","23C","MULTILINESTRING ((-74.00430130375715 40.68170753041994, -74.00456896589824 40.681149975750415))"
"48","Mary McDowell Friends School","SUMMIT STREET","Brooklyn","HENRY STREET","HICKS STREET","mon,tue,wed,thu,fri","approvedFullSchools","12:30","14:30","12:30","14:30","12:30","14:30","12:30","14:30","12:30","14:30",,,,,"09/09/2024","06/27/2025","459.637057391","0021961","0021961","23C","MULTILINESTRING ((-74.00225222129774 40.68189321175281, -74.00069415415123 40.68146340728869))"
"49","Park Slope Fifth Avenue BID","4 STREET","Brooklyn","5 AVENUE","DEAD END","mon,tue,wed,thu,fri,sat,sun","approvedFull","08:00","22:00","08:00","22:00","08:00","22:00","08:00","22:00","08:00","22:00","08:00","22:00","08:00","22:00","01/08/2024","12/31/2024","413.915290676","0022763","0022763","23C","MULTILINESTRING ((-73.98505876955763 40.67278658382845, -73.98378623283008 40.67219330612016))"
"50","5th Avenue Open Streets Merchants Association","5 AVENUE","Brooklyn","PRESIDENT STREET","2 STREET","sat","approvedFull",,,,,,,,,,,"11:00","22:00",,,"05/04/2024","10/26/2024","259.939432487","0022877","0022877","23C","MULTILINESTRING ((-73.98227686951823 40.67400014718339, -73.98278109154674 40.67339875984557))"
"51","5th Avenue Open Streets Merchants Association","5 AVENUE","Brooklyn","PRESIDENT STREET","2 STREET","sat","approvedFull",,,,,,,,,,,"11:00","22:00",,,"05/04/2024","10/26/2024","259.720732823","0022885","0022885","23C","MULTILINESTRING ((-73.98177482760104 40.67460188201446, -73.98227686951823 40.67400014718339))"
"52","5th Avenue Open Streets Merchants Association","5 AVENUE","Brooklyn","PRESIDENT STREET","2 STREET","sat","approvedFull",,,,,,,,,,,"11:00","22:00",,,"05/04/2024","10/26/2024","233.971093977","0022887","0022887","23C","MULTILINESTRING ((-73.98132614554528 40.67514568505805, -73.98177482760104 40.67460188201446))"
"53","5th Avenue Open Streets Merchants Association","5 AVENUE","Brooklyn","PRESIDENT STREET","2 STREET","sat","approvedFull",,,,,,,,,,,"11:00","22:00",,,"05/04/2024","10/26/2024","260.449861205","0022889","0022889","23C","MULTILINESTRING ((-73.98088902318365 40.67577836905175, -73.98132614554528 40.67514568505805))"
"54","Peck Slip School","PECK SLIP","Manhattan","WATER STREET","PEARL STREET","mon,tue,wed,thu,fri","approvedFullSchools","07:30","16:00","07:30","16:00","07:30","16:00","07:30","16:00","07:30","16:00",,,,,"09/05/2024","06/27/2025","267.377222317","0023483","0023483","23C","MULTILINESTRING ((-74.0025025398103 40.70884562913815, -74.00189948329663 40.70827292282165))"
"55","The Willowtown Assocation","JORALEMON STREET","Brooklyn","HICKS STREET","FURMAN STREET","mon,tue,wed,thu,fri,sat,sun","approvedLimited","08:00","21:00","08:00","21:00","08:00","21:00","08:00","09:00","08:00","21:00","08:00","21:00","08:00","21:00","04/15/2024","10/31/2024","254.144307156","0023659","0023659","23C","MULTILINESTRING ((-73.9976087591235 40.69360030652246, -73.99671702665385 40.69343932687634))"
"56","The Willowtown Assocation","JORALEMON STREET","Brooklyn","HICKS STREET","FURMAN STREET","mon,tue,wed,thu,fri,sat,sun","approvedLimited","08:00","21:00","08:00","21:00","08:00","21:00","08:00","09:00","08:00","21:00","08:00","21:00","08:00","21:00","04/15/2024","10/31/2024","200.246648439","0023676","0023676","23C","MULTILINESTRING ((-73.9983102567652 40.693730695205026, -73.9976087591235 40.69360030652246))"
"57","Chinatown District Management Association, Inc. (aka Chinatown BID)","PELL STREET","Manhattan","MOTT STREET","BOWERY","sat,sun","approvedFull",,,,,,,,,,,"09:00","23:00","09:00","21:00","04/01/2024","10/31/2024","238.629383081","0023787","0023787","23C","MULTILINESTRING ((-73.99803530495666 40.71482456235062, -73.99886659022607 40.714994598892034))"
"58","MONTAGUE ST BID","MONTAGUE STREET","Brooklyn","CLINTON STREET","HICKS STREET","sun","approvedFull",,,,,,,,,,,,,"10:00","19:00","05/05/2024","09/29/2024","459.095911276","0023840","0023840","23C","MULTILINESTRING ((-73.99585487348715 40.695220621308884, -73.9942981569393 40.69479168645852))"
"59","MONTAGUE ST BID","MONTAGUE STREET","Brooklyn","CLINTON STREET","HICKS STREET","sun","approvedFull",,,,,,,,,,,,,"10:00","19:00","05/05/2024","09/29/2024","552.75466353","0023852","0023852","23C","MULTILINESTRING ((-73.9942981569393 40.69479168645852, -73.99242347214458 40.69427608881268))"
"60","Chinatown District Management Association, Inc. (aka Chinatown BID)","FORSYTH STREET","Manhattan","EAST BROADWAY","DIVISION STREET","sat","approvedFull",,,,,,,,,,,"09:00","16:00",,,"04/01/2024","10/31/2024","198.793230157","0023969","0023969","23C","MULTILINESTRING ((-73.99394456260964 40.713744032494375, -73.99414039105886 40.714268932155356))"
"61","PS 8 The Emily Warren Roebling School","POPLAR STREET","Brooklyn","HICKS STREET","HENRY STREET","mon,tue,wed,thu,fri","approvedFullSchools","09:15","15:00","09:15","15:00","09:15","15:00","09:15","15:00","09:15","15:00",,,,,"10/17/2024","06/27/2025","472.564865454","0024037","0024037","23C","MULTILINESTRING ((-73.99305377192404 40.70113638386717, -73.99145327625324 40.7006906127687))"
"62","Cervo's","CANAL STREET","Manhattan","ESSEX STREET","ORCHARD STREET","mon,tue,wed,thu,fri,sat,sun","approvedFull","15:00","23:00","15:00","23:00","15:00","23:00","15:00","23:00","15:00","23:00","15:00","23:00","15:00","23:00","04/01/2024","11/29/2024","225.982538265","0024164","0024164","23C","MULTILINESTRING ((-73.99113282082077 40.714668629435394, -73.99188986319511 40.71489866659511))"
"63","Atlantic Avenue BID","HOYT STREET","Brooklyn","ATLANTIC AVENUE","STATE STREET","fri,sat,sun","approvedFull",,,,,,,,,"16:00","23:00","12:00","23:00","12:00","23:00","04/06/2024","11/03/2024","260.548044131","0024187","0024187","23C","MULTILINESTRING ((-73.98656822204654 40.688408252381066, -73.98700001480103 40.687773115801185))"
"64","Downtown Brooklyn Partnership","WILLOUGHBY STREET","Brooklyn","PEARL STREET","JAY STREET","mon,tue,wed,thu,fri","approvedFull","07:00","17:00","07:00","17:00","07:00","17:00","07:00","17:00","07:00","17:00",,,,,"01/02/2024","12/31/2024","246.472028027","0024200","0024200","23C","MULTILINESTRING ((-73.98818594311793 40.69227701651294, -73.98729894907973 40.69223407563174))"
"65","Downtown Brooklyn Partnership","PEARL STREET","Brooklyn","FULTON STREET","DEAD END","mon,tue,wed,thu,fri","approvedFull","07:00","17:00","07:00","17:00","07:00","17:00","07:00","17:00","07:00","17:00",,,,,"01/02/2024","12/31/2024","376.866044733","0024201","0024201","23C","MULTILINESTRING ((-73.98814772329912 40.693311017537575, -73.98818594311793 40.69227701651294))"
"66","Dumbo Business Improvement District","WASHINGTON STREET","Brooklyn","FRONT STREET","WATER STREET","mon,tue,wed,thu,fri,sat,sun","approvedFull","11:00","21:00","11:00","21:00","11:00","21:00","11:00","21:00","11:00","21:00","11:00","21:00","10:00","21:00","04/01/2024","12/31/2024","246.748284732","0024288","0024288","23C","MULTILINESTRING ((-73.98958312195846 40.70319979805815, -73.98962349406878 40.70252322920899))"
"67","Office Ho Jonot","JEFFERSON STREET","Manhattan","EAST BROADWAY","HENRY STREET","thu,fri,sat,sun","approvedFull",,,,,,,"15:00","21:00","15:00","22:00","10:00","22:00","10:00","21:00","03/01/2024","11/30/2024","247.41273405","0024368","0024368","23C","MULTILINESTRING ((-73.98870191271887 40.71418554124513, -73.98859973854482 40.71351091735793))"
"68","Brooklyn RISE Charter School","HANOVER PLACE","Brooklyn","FULTON STREET","LIVINGSTON STREET","mon,tue,wed,thu,fri","approvedFullSchools","07:00","17:00","07:00","17:00","07:00","17:00","07:00","17:00","07:00","17:00",,,,,"08/21/2024","06/27/2025","179.623023589","0024559","0024559","23C","MULTILINESTRING ((-73.98241623300369 40.688896284413715, -73.9827147158508 40.68845873415588))"
"69","Brooklyn RISE Charter School","HANOVER PLACE","Brooklyn","FULTON STREET","LIVINGSTON STREET","mon,tue,wed,thu,fri","approvedFullSchools","07:00","17:00","07:00","17:00","07:00","17:00","07:00","17:00","07:00","17:00",,,,,"08/21/2024","06/27/2025","190.04514752","0024560","0024560","23C","MULTILINESTRING ((-73.98209737984415 40.68935800948954, -73.98241623300369 40.688896284413715))"
"70","PS 152","EAST 23 STREET","Brooklyn","CAMPUS ROAD","GLENWOOD ROAD","mon,tue,wed,thu,fri","approvedFullSchools","09:00","17:00","09:00","17:00","09:00","17:00","09:00","17:00","09:00","17:00",,,,,"04/19/2024","06/27/2025","469.449623053","0027336","0027336","23C","MULTILINESTRING ((-73.95486002394703 40.6332188577247, -73.95461862174656 40.63194351019915))"
"71","Flatbush Development Corporation","NEWKIRK AVENUE","Brooklyn","EAST 17 STREET","CONEY ISLAND AVENUE","sun","approvedFull",,,,,,,,,,,,,"11:00","20:00","05/19/2024","07/15/2024","399.18600521","0028049","0028049","23C","MULTILINESTRING ((-73.96718530330695 40.633703777146195, -73.96595081037755 40.63426593742201))"
"72","Flatbush Development Corporation","NEWKIRK AVENUE","Brooklyn","EAST 17 STREET","CONEY ISLAND AVENUE","sun","approvedFull",,,,,,,,,,,,,"11:00","20:00","05/19/2024","07/15/2024","285.003920556","0028054","0028054","23C","MULTILINESTRING ((-73.96595081037755 40.63426593742201, -73.9650826362832 40.634683680032204))"
"73","Flatbush Development Corporation","NEWKIRK AVENUE","Brooklyn","EAST 17 STREET","CONEY ISLAND AVENUE","sun","approvedFull",,,,,,,,,,,,,"11:00","20:00","05/19/2024","07/15/2024","284.450266881","0028056","0028056","23C","MULTILINESTRING ((-73.9650826362832 40.634683680032204, -73.96421566840479 40.63510003775236))"
"74","Flatbush Development Corporation","NEWKIRK AVENUE","Brooklyn","EAST 17 STREET","CONEY ISLAND AVENUE","sun","approvedFull",,,,,,,,,,,,,"11:00","20:00","05/19/2024","07/15/2024","295.360620876","0028164","0028164","23C","MULTILINESTRING ((-73.96248058882877 40.63593310417654, -73.96158252431248 40.63636804737438))"
"75","GrowHouse Community Design + Development Group","MARTENSE STREET","Brooklyn","BEDFORD AVENUE","FLATBUSH AVENUE","sat","approvedFull",,,,,,,,,,,"12:00","22:00",,,"07/20/2024","08/10/2024","253.667517838","0028361","0028361","23C","MULTILINESTRING ((-73.95892527282302 40.651211549870574, -73.95801341208222 40.651261019217976))"
"76","GrowHouse Community Design + Development Group","MARTENSE STREET","Brooklyn","BEDFORD AVENUE","FLATBUSH AVENUE","sat","approvedFull",,,,,,,,,,,"12:00","22:00",,,"07/20/2024","08/10/2024","585.893468393","0028365","0028365","23C","MULTILINESTRING ((-73.95801341208222 40.651261019217976, -73.95590670780572 40.65136883325858))"
"77","Saint Saviour Catholic Academy","7 STREET","Brooklyn","8 AVENUE","PROSPECT PARK WEST","mon,tue,wed,thu,fri","approvedFullSchools","11:45","13:30","11:45","13:30","11:45","13:30","11:45","13:30","11:45","13:30",,,,,"09/05/2024","06/27/2025","781.939686996","0028886","0028886","23C","MULTILINESTRING ((-73.97821264176295 40.666963308237825, -73.97583132335943 40.66581507921881))"
"78","Polhemus Place Block Association","POLHEMUS PLACE","Brooklyn","CARROLL STREET","GARFIELD PLACE","sat","approvedLimited",,,,,,,,,,,"10:30","16:30",,,"03/09/2024","11/16/2024","404.607973319","0029010","0029010","23C","MULTILINESTRING ((-73.97547709141712 40.67286903059268, -73.97626308127853 40.67193350701511))"
"79","Prospect Heights Neighborhood Development Council","VANDERBILT AVENUE","Brooklyn","ATLANTIC AVENUE","PARK PLACE","fri,sat,sun","approvedFull",,,,,,,,,"16:00","23:00","11:00","23:00","11:00","18:00","05/03/2024","09/29/2024","332.339787365","0029160","0029160","23C","MULTILINESTRING ((-73.96885941033179 40.67766461675128, -73.96917758154191 40.67678516971534))"
"80","Prospect Heights Neighborhood Development Council","VANDERBILT AVENUE","Brooklyn","ATLANTIC AVENUE","PARK PLACE","fri,sat,sun","approvedFull",,,,,,,,,"16:00","23:00","11:00","23:00","11:00","18:00","05/03/2024","09/29/2024","331.918439247","0029162","0029162","23C","MULTILINESTRING ((-73.96854214317247 40.678543054486546, -73.96885941033179 40.67766461675128))"
"81","Prospect Heights Neighborhood Development Council","VANDERBILT AVENUE","Brooklyn","ATLANTIC AVENUE","PARK PLACE","fri,sat,sun","approvedFull",,,,,,,,,"16:00","23:00","11:00","23:00","11:00","18:00","05/03/2024","09/29/2024","330.946898839","0029228","0029228","23C","MULTILINESTRING ((-73.96822664425599 40.67941909727563, -73.96854214317247 40.678543054486546))"
"82","Prospect Heights Neighborhood Development Council","VANDERBILT AVENUE","Brooklyn","ATLANTIC AVENUE","PARK PLACE","fri,sat,sun","approvedFull",,,,,,,,,"16:00","23:00","11:00","23:00","11:00","18:00","05/03/2024","09/29/2024","290.652320799","0029236","0029236","23C","MULTILINESTRING ((-73.96795384916945 40.68018936578489, -73.96822664425599 40.67941909727563))"
"83","Prospect Heights Neighborhood Development Council","VANDERBILT AVENUE","Brooklyn","ATLANTIC AVENUE","PARK PLACE","fri,sat,sun","approvedFull",,,,,,,,,"16:00","23:00","11:00","23:00","11:00","18:00","05/03/2024","09/29/2024","289.384405452","0029238","0029238","23C","MULTILINESTRING ((-73.96767828305204 40.680955455312464, -73.96795384916945 40.68018936578489))"
"84","Prospect Place Block Association 2.0","PROSPECT PLACE","Brooklyn","CLASSON AVENUE","GRAND AVENUE","sat","approvedFull",,,,,,,,,,,"08:00","20:00",,,"07/06/2024","07/27/2024","893.531993868","0029320","0029320","23C","MULTILINESTRING ((-73.96286444234691 40.676405341227905, -73.95975807247396 40.67575600702471))"
"85","Bedford Stuyvesant Gateway District Management Association, Inc.","MARCY AVENUE","Brooklyn","FULTON STREET","MAC DONOUGH STREET","thu,fri,sat","approvedFull",,,,,,,"10:00","19:00","10:00","19:00","10:00","19:00",,,"11/30/2024","12/22/2024","184.182235667","0029872","0029872","23C","MULTILINESTRING ((-73.94628674620687 40.68071878131442, -73.94627470957366 40.680213325933906))"
"86","Bridge Street Development Corporation","TOMPKINS AVENUE","Brooklyn","GATES AVENUE","HALSEY STREET","sun","approvedFull",,,,,,,,,,,,,"11:00","20:00","06/02/2024","10/27/2024","270.156503579","0029891","0029891","23C","MULTILINESTRING ((-73.94418325035566 40.68470555430481, -73.94403664799397 40.68397248267725))"
"87","Bridge Street Development Corporation","TOMPKINS AVENUE","Brooklyn","GATES AVENUE","HALSEY STREET","sun","approvedFull",,,,,,,,,,,,,"11:00","20:00","06/02/2024","10/27/2024","269.732469191","0029893","0029893","23C","MULTILINESTRING ((-73.94389115009261 40.68323948337466, -73.94374461113986 40.68250758193879))"
"88","Bridge Street Development Corporation","TOMPKINS AVENUE","Brooklyn","GATES AVENUE","HALSEY STREET","sun","approvedFull",,,,,,,,,,,,,"11:00","20:00","06/02/2024","10/27/2024","269.973137578","0029897","0029897","23C","MULTILINESTRING ((-73.94432825921781 40.68543830072168, -73.94418325035566 40.68470555430481))"
"89","Bridge Street Development Corporation","TOMPKINS AVENUE","Brooklyn","GATES AVENUE","HALSEY STREET","sun","approvedFull",,,,,,,,,,,,,"11:00","20:00","06/02/2024","10/27/2024","270.209554451","0029899","0029899","23C","MULTILINESTRING ((-73.9444752819654 40.686171471100984, -73.94432825921781 40.68543830072168))"
"90","Bridge Street Development Corporation","TOMPKINS AVENUE","Brooklyn","GATES AVENUE","HALSEY STREET","sun","approvedFull",,,,,,,,,,,,,"11:00","20:00","06/02/2024","10/27/2024","270.06590323","0029901","0029901","23C","MULTILINESTRING ((-73.94462127898173 40.68690436157133, -73.9444752819654 40.686171471100984))"
"91","NYC Department of Transportation","WILLOUGHBY AVENUE","Brooklyn","WASHINGTON PARK","WASHINGTON AVENUE","mon,tue,wed,thu,fri,sat,sun","approvedLimited","08:00","20:00","08:00","20:00","08:00","20:00","08:00","20:00","08:00","20:00","08:00","20:00","08:00","20:00","01/10/2024","12/31/2024","273.836003866","0030069","0030069","23C","MULTILINESTRING ((-73.97354018566924 40.69170760909842, -73.97255342365318 40.69167948820139))"
"92","NYC Department of Transportation","WILLOUGHBY AVENUE","Brooklyn","WASHINGTON PARK","WASHINGTON AVENUE","mon,tue,wed,thu,fri,sat,sun","approvedLimited","08:00","20:00","08:00","20:00","08:00","20:00","08:00","20:00","08:00","20:00","08:00","20:00","08:00","20:00","01/10/2024","12/31/2024","275.931939594","0030076","0030076","23C","MULTILINESTRING ((-73.97255342365318 40.69167948820139, -73.97155972123632 40.69164066083378))"
"93","NYC Department of Transportation","WILLOUGHBY AVENUE","Brooklyn","WASHINGTON PARK","WASHINGTON AVENUE","mon,tue,wed,thu,fri,sat,sun","approvedLimited","08:00","20:00","08:00","20:00","08:00","20:00","08:00","20:00","08:00","20:00","08:00","20:00","08:00","20:00","01/10/2024","12/31/2024","280.554477616","0030173","0030173","23C","MULTILINESTRING ((-73.97155972123632 40.69164066083378, -73.97054932687219 40.691601864740136))"
"94","NYC Department of Transportation","WILLOUGHBY AVENUE","Brooklyn","WASHINGTON PARK","WASHINGTON AVENUE","mon,tue,wed,thu,fri,sat,sun","approvedLimited","08:00","20:00","08:00","20:00","08:00","20:00","08:00","20:00","08:00","20:00","08:00","20:00","08:00","20:00","01/10/2024","12/31/2024","285.470518501","0030177","0030177","23C","MULTILINESTRING ((-73.97054932687219 40.691601864740136, -73.96952115195634 40.69156355935464))"
"95","NYC Department of Transportation","WILLOUGHBY AVENUE","Brooklyn","WASHINGTON PARK","WASHINGTON AVENUE","mon,tue,wed,thu,fri,sat,sun","approvedLimited","08:00","20:00","08:00","20:00","08:00","20:00","08:00","20:00","08:00","20:00","08:00","20:00","08:00","20:00","01/10/2024","12/31/2024","285.279008973","0030181","0030181","23C","MULTILINESTRING ((-73.96952115195634 40.69156355935464, -73.96849273236627 40.69154480386052))"
"96","NYC Department of Transportation","WILLOUGHBY AVENUE","Brooklyn","WASHINGTON PARK","WASHINGTON AVENUE","mon,tue,wed,thu,fri,sat,sun","approvedLimited","08:00","20:00","08:00","20:00","08:00","20:00","08:00","20:00","08:00","20:00","08:00","20:00","08:00","20:00","01/10/2024","12/31/2024","269.067670814","0030185","0030185","23C","MULTILINESTRING ((-73.96849273236627 40.69154480386052, -73.96753122823033 40.691643782153385))"
"97","NYC Department of Transportation","WILLOUGHBY AVENUE","Brooklyn","WASHINGTON PARK","WASHINGTON AVENUE","mon,tue,wed,thu,fri,sat,sun","approvedLimited","08:00","20:00","08:00","20:00","08:00","20:00","08:00","20:00","08:00","20:00","08:00","20:00","08:00","20:00","01/10/2024","12/31/2024","270.681035982","0030291","0030291","23C","MULTILINESTRING ((-73.96753122823033 40.691643782153385, -73.96656628621817 40.69175568278187))"
"98","Hall Street Block Association","HALL STREET","Brooklyn","PARK AVENUE","MYRTLE AVENUE","mon,tue,wed,thu,fri,sat,sun","approvedLimited","08:00","19:00","08:00","19:00","08:00","19:00","08:00","19:00","08:00","19:00","08:00","19:00","08:00","19:00","03/01/2024","02/28/2025","821.236968575","0030313","0030313","23C","MULTILINESTRING ((-73.96635937275236 40.69566053446688, -73.9659053815794 40.69343307256074))"
"99","North Brooklyn Open Streets Community Coalition (NBK OSCC)","BERRY STREET","Brooklyn","BROADWAY","NORTH 12 STREET","mon,tue,wed,thu,fri,sat,sun","approvedLimited","08:00","20:00","08:00","20:00","08:00","20:00","08:00","20:00","08:00","20:00","08:00","20:00","08:00","20:00","02/01/2024","12/31/2024","193.806547857","0030447","0030447","23C","MULTILINESTRING ((-73.96536909885948 40.711006113010924, -73.96549209098873 40.710482457832356))"
"100","North Brooklyn Open Streets Community Coalition (NBK OSCC)","BERRY STREET","Brooklyn","BROADWAY","NORTH 12 STREET","mon,tue,wed,thu,fri,sat,sun","approvedLimited","08:00","20:00","08:00","20:00","08:00","20:00","08:00","20:00","08:00","20:00","08:00","20:00","08:00","20:00","02/01/2024","12/31/2024","316.051415812","0030588","0030588","23C","MULTILINESTRING ((-73.96446261244937 40.71245948627576, -73.96495778319382 40.71167810280659))"
"101","North Brooklyn Open Streets Community Coalition (NBK OSCC)","BERRY STREET","Brooklyn","BROADWAY","NORTH 12 STREET","mon,tue,wed,thu,fri,sat,sun","approvedLimited","08:00","20:00","08:00","20:00","08:00","20:00","08:00","20:00","08:00","20:00","08:00","20:00","08:00","20:00","02/01/2024","12/31/2024","250.555828926","0030614","0030614","23C","MULTILINESTRING ((-73.96407128220108 40.71307939341387, -73.96446261244937 40.71245948627576))"
"102","North Brooklyn Open Streets Community Coalition (NBK OSCC)","BERRY STREET","Brooklyn","BROADWAY","NORTH 12 STREET","mon,tue,wed,thu,fri,sat,sun","approvedLimited","08:00","20:00","08:00","20:00","08:00","20:00","08:00","20:00","08:00","20:00","08:00","20:00","08:00","20:00","02/01/2024","12/31/2024","301.504251909","0030616","0030616","23C","MULTILINESTRING ((-73.96360082061356 40.713825516754184, -73.96407128220108 40.71307939341387))"
"103","North Brooklyn Open Streets Community Coalition (NBK OSCC)","BERRY STREET","Brooklyn","BROADWAY","NORTH 12 STREET","mon,tue,wed,thu,fri,sat,sun","approvedLimited","08:00","20:00","08:00","20:00","08:00","20:00","08:00","20:00","08:00","20:00","08:00","20:00","08:00","20:00","02/01/2024","12/31/2024","254.667676041","0030618","0030618","23C","MULTILINESTRING ((-73.96320184738887 40.71445515293116, -73.96360082061356 40.713825516754184))"
"104","North Brooklyn Open Streets Community Coalition (NBK OSCC)","BERRY STREET","Brooklyn","BROADWAY","NORTH 12 STREET","mon,tue,wed,thu,fri,sat,sun","approvedLimited","08:00","20:00","08:00","20:00","08:00","20:00","08:00","20:00","08:00","20:00","08:00","20:00","08:00","20:00","02/01/2024","12/31/2024","264.896430635","0030620","0030620","23C","MULTILINESTRING ((-73.96277758702746 40.7151066348892, -73.96320184738887 40.71445515293116))"
"105","North Brooklyn Open Streets Community Coalition (NBK OSCC)","BERRY STREET","Brooklyn","BROADWAY","NORTH 12 STREET","mon,tue,wed,thu,fri,sat,sun","approvedLimited","08:00","20:00","08:00","20:00","08:00","20:00","08:00","20:00","08:00","20:00","08:00","20:00","08:00","20:00","02/01/2024","12/31/2024","219.232796055","0030624","0030624","23C","MULTILINESTRING ((-73.9622885519631 40.71557953183759, -73.96277758702746 40.7151066348892))"
"106","Pizzette","GRAHAM AVENUE","Brooklyn","SCHOLES STREET","MESEROLE STREET","sat,sun","approvedFull",,,,,,,,,,,"11:00","00:00","11:00","00:00","05/01/2024","11/16/2024","260.957236383","0031393","0031393","23C","MULTILINESTRING ((-73.943322944243 40.7080701951752, -73.94344009740793 40.70878089128269))"
"107","PS3 Charrette School","BEDFORD STREET","Manhattan","CHRISTOPHER STREET","GROVE STREET","mon,tue,wed,thu,fri","approvedFullSchools","08:00","15:30","08:00","15:30","08:00","15:30","08:00","15:30","08:00","15:30",,,,,"09/05/2024","06/27/2025","277.589105013","0031974","0031974","23C","MULTILINESTRING ((-74.00546283761398 40.732448063517836, -74.00586159464908 40.733146993123654))"
"108","Meatpacking District Management Association","GANSEVOORT STREET","Manhattan","HUDSON STREET","10 AVENUE","wed,thu,fri,sat,sun","approvedFull",,,,,"14:00","22:00","14:00","22:00","14:00","22:00","12:00","22:00","12:00","22:00","04/01/2024","12/31/2024","443.654670806","0032020","0032020","23C","MULTILINESTRING ((-74.00645011832746 40.739404029671704, -74.00805064100945 40.73937540083721))"
"109","Meatpacking District Management Association","LITTLE WEST 12 STREET","Manhattan","9 AVENUE","WASHINGTON STREET","wed,thu,fri,sat,sun","approvedFull",,,,,"14:00","22:00","14:00","22:00","14:00","22:00","12:00","22:00","12:00","22:00","04/01/2024","12/31/2024","507.137913625","0032022","0032022","23C","MULTILINESTRING ((-74.00633307542539 40.73963109908546, -74.00794008902885 40.740297077703254))"
"110","Meatpacking District Management Association","WEST 13 STREET","Manhattan","9 AVENUE","WASHINGTON STREET","wed,thu,fri,sat,sun","approvedFull",,,,,"14:00","22:00","14:00","22:00","14:00","22:00","12:00","22:00","12:00","22:00","04/01/2024","12/31/2024","512.377481829","0032026","0032026","23C","MULTILINESTRING ((-74.00586426283292 40.74026144296947, -74.00748240699482 40.74094190750264))"
"111","RDK Restaurant Corp dba Bistro Les Amis","SPRING STREET","Manhattan","THOMPSON STREET","WEST BROADWAY","mon,tue,wed,thu,fri,sat,sun","approvedFull","10:00","22:00","10:00","22:00","10:00","22:00","10:00","23:00","10:00","23:00","10:00","23:00","10:00","22:00","03/01/2024","12/31/2024","224.509148057","0032136","0032136","23C","MULTILINESTRING ((-74.0019335322445 40.72455178733001, -74.00261903393506 40.72488003637726))"
"112","Via Carota","GROVE STREET","Manhattan","BLEECKER STREET","7 AVENUE SOUTH","fri,sat,sun","approvedFull",,,,,,,,,"09:00","00:00","09:00","00:00","09:00","23:00","03/15/2024","12/29/2024","283.528755719","0032205","0032205","23C","MULTILINESTRING ((-74.00397602150782 40.732915019926395, -74.00303209571072 40.7332150979538))"
"113","Jeffrey's Grocery","WAVERLY PLACE","Manhattan","7 AVENUE SOUTH","CHRISTOPHER STREET","thu,fri,sat,sun","approvedFull",,,,,,,"11:00","23:00","11:00","23:00","09:00","23:00","09:00","23:00","03/14/2024","10/28/2024","240.557547973","0032233","0032233","23C","MULTILINESTRING ((-74.00138878549443 40.73448281966079, -74.00157447249346 40.7351278060545))"
"114","Jeffrey's Grocery","WAVERLY PLACE","Manhattan","7 AVENUE SOUTH","CHRISTOPHER STREET","thu,fri,sat,sun","approvedFull",,,,,,,"11:00","23:00","11:00","23:00","09:00","23:00","09:00","23:00","03/14/2024","10/28/2024","238.587641309","0032237","0032237","23C","MULTILINESTRING ((-74.00120475952991 40.73384309185945, -74.00138878549443 40.73448281966079))"
"115","Jeffrey's Grocery","WAVERLY PLACE","Manhattan","7 AVENUE SOUTH","CHRISTOPHER STREET","thu,fri,sat,sun","approvedFull",,,,,,,"11:00","23:00","11:00","23:00","09:00","23:00","09:00","23:00","03/14/2024","10/28/2024","151.803706456","0032258","0032258","23C","MULTILINESTRING ((-74.00157447249346 40.7351278060545, -74.00169304446304 40.735534590775934))"
"116","JST Restaurant Corp","JANE STREET","Manhattan","HUDSON STREET","8 AVENUE","thu,fri,sat,sun","approvedFull",,,,,,,"17:00","23:00","17:00","23:00","11:00","23:00","11:00","22:00","06/01/2024","11/03/2024","392.484878283","0032269","0032269","23C","MULTILINESTRING ((-74.00417529818985 40.73813434713343, -74.00559157320723 40.73813896971623))"
"117","Little Italy Merchants Association","MULBERRY STREET","Manhattan","BROOME STREET","CANAL STREET","thu,fri,sat,sun","approvedFull",,,,,,,"16:30","23:30","16:30","23:30","10:30","23:30","10:30","23:30","03/15/2024","12/31/2024","426.918539747","0032320","0032320","23C","MULTILINESTRING ((-73.99858925561153 40.71709951139695, -73.99793049777948 40.718158690314986))"
"118","Little Italy Merchants Association","MULBERRY STREET","Manhattan","BROOME STREET","CANAL STREET","thu,fri,sat,sun","approvedFull",,,,,,,"16:30","23:30","16:30","23:30","10:30","23:30","10:30","23:30","03/15/2024","12/31/2024","459.044792814","0032324","0032324","23C","MULTILINESTRING ((-73.99793049777948 40.718158690314986, -73.99775512435718 40.71844393255311, -73.99759193865151 40.71873350622129, -73.99744120237203 40.719026969226334, -73.99730315238789 40.71932384705348))"
"119","Little Italy Merchants Association","MULBERRY STREET","Manhattan","BROOME STREET","CANAL STREET","thu,fri,sat,sun","approvedFull",,,,,,,"16:30","23:30","16:30","23:30","10:30","23:30","10:30","23:30","03/15/2024","12/31/2024","449.155340062","0032348","0032348","23C","MULTILINESTRING ((-73.99730315238789 40.71932384705348, -73.99683631217684 40.72050439442444))"
"120","Academy of St. Joseph","WASHINGTON PLACE","Manhattan","AVENUE OF THE AMERICAS","BARROW STREET","mon,tue,wed,thu,fri","approvedFullSchools","11:10","13:10","11:10","13:10","11:10","13:10","11:10","13:10","11:10","13:10",,,,,"07/01/2024","06/27/2025","426.817193036","0032419","0032419","23C","MULTILINESTRING ((-74.00051066363521 40.732315222921606, -74.00180602000448 40.73294884346048))"
"121","Little Italy Merchant Association","HESTER STREET","Manhattan","MULBERRY STREET","MOTT STREET","thu,fri,sat,sun","approvedFull",,,,,,,"16:30","23:30","16:30","23:30","10:30","23:30","10:30","23:30","03/15/2024","12/31/2024","251.091006078","0032474","0032474","23C","MULTILINESTRING ((-73.99710823583376 40.71786961700529, -73.99793049777948 40.718158690314986))"
"122","Peasant","ELIZABETH STREET","Manhattan","PRINCE STREET","SPRING STREET","mon,tue,wed,thu,fri,sat,sun","approvedFull","16:30","23:00","16:30","23:00","16:30","23:00","16:30","23:00","16:30","23:00","11:00","23:00","11:00","23:00","04/04/2024","11/01/2024","537.414107277","0032529","0032529","23C","MULTILINESTRING ((-73.99470513882002 40.72130853335724, -73.99415315289791 40.72272255957261))"
"123","PS 42M The Benjamin Altman School","HESTER STREET","Manhattan","ORCHARD STREET","LUDLOW STREET","mon,tue,wed,thu,fri","approvedFullSchools","07:45","14:45","07:45","14:45","07:45","14:45","07:45","14:45","07:45","14:45",,,,,"09/05/2024","06/27/2025","224.359486276","0032668","0032668","23C","MULTILINESTRING ((-73.99055802401342 40.715794239612144, -73.9913094202137 40.71602304639134))"
"124","Lower East Side Partnership","ORCHARD STREET","Manhattan","GRAND STREET","DELANCEY STREET","mon,tue,wed,thu,fri,sat,sun","approvedFull","12:00","21:00","12:00","21:00","12:00","21:00","12:00","22:00","12:00","22:00","12:00","22:00","12:00","21:00","02/23/2024","01/31/2025","360.746758793","0032670","0032670","23C","MULTILINESTRING ((-73.99070290092804 40.71720060511588, -73.99023340438795 40.7181240842832))"
"125","Lower East Side Partnership","BROOME STREET","Manhattan","ALLEN STREET","LUDLOW STREET","mon,tue,wed,thu,fri,sat,sun","approvedFull","12:00","21:00","12:00","21:00","12:00","21:00","12:00","22:00","12:00","22:00","12:00","22:00","12:00","21:00","02/23/2024","01/31/2025","143.869813535","0032674","0032674","23C","MULTILINESTRING ((-73.99023340438795 40.7181240842832, -73.99071607853661 40.718269223384716))"
"126","Von Design Limited","BLEECKER STREET","Manhattan","MOTT STREET","BOWERY","wed,thu,fri,sat,sun","approvedFull",,,,,"17:00","23:00","17:00","23:00","17:00","23:00","11:00","23:00","11:00","23:00","04/01/2024","10/31/2024","210.520477784","0032718","0032718","23C","MULTILINESTRING ((-73.99304198121565 40.72545161616486, -73.9937571119299 40.72564626707014))"
"127","Fourth Arts Block (aka FABnyc)","EAST 4 STREET","Manhattan","2 AVENUE","BOWERY","thu","approvedFull",,,,,,,"16:00","21:00",,,,,,,"04/18/2024","10/31/2024","674.83057396","0032745","0032745","23C","MULTILINESTRING ((-73.99155207621389 40.727094336598576, -73.98942914193304 40.72618746315747))"
"128","Lower East Side Partnership","BROOME STREET","Manhattan","ALLEN STREET","LUDLOW STREET","mon,tue,wed,thu,fri,sat,sun","approvedFull","12:00","21:00","12:00","21:00","12:00","21:00","12:00","22:00","12:00","22:00","12:00","22:00","12:00","21:00","02/23/2024","01/31/2025","226.854958183","0032834","0032834","23C","MULTILINESTRING ((-73.98947341974383 40.717893126548276, -73.99023340438795 40.7181240842832))"
"129","Lower East Side Partnership","BROOME STREET","Manhattan","ESSEX STREET","NORFOLK STREET","sun","approvedFull",,,,,,,,,,,,,"08:00","20:00","02/01/2024","01/31/2025","236.174404099","0032842","0032842","23C","MULTILINESTRING ((-73.9878793578841 40.717408972645806, -73.98867046851716 40.71764958844896))"
"130","Lower East Side Partnership","ORCHARD STREET","Manhattan","DELANCEY STREET","EAST HOUSTON STREET","sun","approvedFull",,,,,,,,,,,,,"08:00","18:00","02/04/2024","01/26/2025","451.257282013","0032863","0032863","23C","MULTILINESTRING ((-73.98911349129648 40.720307422081866, -73.9885225217559 40.721461521751834))"
"131","More Gardens! Fund","STANTON STREET","Manhattan","ESSEX STREET","NORFOLK STREET","sun","approvedFull",,,,,,,,,,,,,"10:00","18:00","07/01/2024","10/31/2024","236.059102644","0032870","0032870","23C","MULTILINESTRING ((-73.98694969679084 40.7209830035279, -73.98615766458234 40.72074493334842))"
"132","NYCDOE/Washington Irving Educational Campus","IRVING PLACE","Manhattan","EAST 16 STREET","EAST 17 STREET","mon,tue,wed,thu,fri","approvedFullSchools","07:00","16:30","07:00","16:30","07:00","16:30","07:00","16:30","07:00","16:30",,,,,"09/05/2024","06/27/2025","244.612872008","0032967","0032967","23C","MULTILINESTRING ((-73.9878164509699 40.73529228043543, -73.98738718481158 40.73587893306876))"
"133","NYCDOE/Washington Irving Educational Campus","IRVING PLACE","Manhattan","EAST 16 STREET","EAST 17 STREET","mon,tue,wed,thu,fri","approvedFullSchools","07:00","16:30","07:00","16:30","07:00","16:30","07:00","16:30","07:00","16:30",,,,,"09/05/2024","06/27/2025","244.612872008","0032967","0032967","23C","MULTILINESTRING ((-73.9878164509699 40.73529228043543, -73.98738718481158 40.73587893306876))"
"134","St. Marks Business Coalition","ST MARKS PLACE","Manhattan","1 AVENUE","AVENUE A","fri,sat,sun","approvedFull",,,,,,,,,"16:30","23:00","11:30","23:00","11:30","22:00","04/01/2024","12/01/2024","697.830910494","0033107","0033107","23C","MULTILINESTRING ((-73.98529382893115 40.727592837807926, -73.9830906414119 40.72666581356248))"
"135","Friends Seminary","RUTHERFORD PLACE","Manhattan","EAST 17 STREET","EAST 15 STREET","mon,tue,wed,thu,fri","approvedFullSchools","07:30","15:30","07:30","15:30","07:30","15:30","07:30","15:30","07:30","15:30",,,,,"08/01/2024","07/31/2025","267.029358247","0033130","0033130","23C","MULTILINESTRING ((-73.98477231231493 40.734012323381634, -73.98524200472272 40.733372376352015))"
"136","Friends Seminary","RUTHERFORD PLACE","Manhattan","EAST 17 STREET","EAST 15 STREET","mon,tue,wed,thu,fri","approvedFullSchools","07:30","15:30","07:30","15:30","07:30","15:30","07:30","15:30","07:30","15:30",,,,,"08/01/2024","07/31/2025","243.803447162","0033133","0033133","23C","MULTILINESTRING ((-73.98435975647327 40.734603355220074, -73.98477231231493 40.734012323381634))"
"137","Loisaida Open Streets Community Coalition","AVENUE B","Manhattan","EAST 7 STREET","EAST 10 STREET","mon,tue,wed,thu,fri,sat,sun","approvedLimited","08:00","20:00","08:00","20:00","08:00","20:00","08:00","20:00","08:00","20:00","08:00","20:00","08:00","20:00","02/01/2024","01/31/2025","253.68884102","0033238","0033238","23C","MULTILINESTRING ((-73.98121129569077 40.72507280002522, -73.98075774655966 40.72567760878272))"
"138","West 21 Street Open Street Coalition","WEST 21 STREET","Manhattan","9 AVENUE","10 AVENUE","mon,tue,wed,thu,fri,sat,sun","approvedLimited","08:00","20:00","08:00","20:00","08:00","20:00","08:00","20:00","08:00","20:00","08:00","20:00","08:00","20:00","02/01/2024","02/01/2025","900.08476021","0033456","0033456","23C","MULTILINESTRING ((-74.00226475735678 40.74520684772052, -74.00510713444312 40.74640277258063))"
"139","34th Street Partnership","BROADWAY","Manhattan","WEST 35 STREET","WEST 36 STREET","mon,tue,wed,thu,fri,sat,sun","approvedFull","00:00","23:59","00:00","23:59","00:00","23:59","00:00","23:59","00:00","23:59","00:00","23:59","00:00","23:59","12/06/2024","01/03/2025","278.856062626","0033921","0033921","23C","MULTILINESTRING ((-73.98777909954923 40.750660714010245, -73.98764453794713 40.751419231745786))"
"140","Columbus Avenue Business Improvement District","COLUMBUS AVENUE","Manhattan","WEST 68 STREET","WEST 77 STREET","sun","approvedFull",,,,,,,,,,,,,"10:00","20:00","05/05/2024","06/23/2024","260.862342999","0034484","0034484","23C","MULTILINESTRING ((-73.98065976273116 40.77485167804053, -73.98020908089121 40.77548038469604))"
"141","Columbus Avenue Business Improvement District","COLUMBUS AVENUE","Manhattan","WEST 68 STREET","WEST 77 STREET","sun","approvedFull",,,,,,,,,,,,,"10:00","20:00","09/15/2024","10/27/2024","260.862342999","0034484","0034484","23C","MULTILINESTRING ((-73.98065976273116 40.77485167804053, -73.98020908089121 40.77548038469604))"
"142","Columbus Avenue Business Improvement District","COLUMBUS AVENUE","Manhattan","WEST 68 STREET","WEST 77 STREET","sun","approvedFull",,,,,,,,,,,,,"10:00","20:00","05/05/2024","06/23/2024","263.344037077","0034486","0034486","23C","MULTILINESTRING ((-73.98020908089121 40.77548038469604, -73.97974565923401 40.77611153035526))"
"143","Columbus Avenue Business Improvement District","COLUMBUS AVENUE","Manhattan","WEST 68 STREET","WEST 77 STREET","sun","approvedFull",,,,,,,,,,,,,"10:00","20:00","09/15/2024","10/27/2024","263.344037077","0034486","0034486","23C","MULTILINESTRING ((-73.98020908089121 40.77548038469604, -73.97974565923401 40.77611153035526))"
"144","Columbus Avenue Business Improvement District","COLUMBUS AVENUE","Manhattan","WEST 68 STREET","WEST 77 STREET","sun","approvedFull",,,,,,,,,,,,,"10:00","20:00","05/05/2024","06/23/2024","257.04918586","0034502","0034502","23C","MULTILINESTRING ((-73.97974565923401 40.77611153035526, -73.97928670497116 40.77672475939906))"
"145","Columbus Avenue Business Improvement District","COLUMBUS AVENUE","Manhattan","WEST 68 STREET","WEST 77 STREET","sun","approvedFull",,,,,,,,,,,,,"10:00","20:00","09/15/2024","10/27/2024","257.04918586","0034502","0034502","23C","MULTILINESTRING ((-73.97974565923401 40.77611153035526, -73.97928670497116 40.77672475939906))"
"146","Columbus Avenue Business Improvement District","COLUMBUS AVENUE","Manhattan","WEST 68 STREET","WEST 77 STREET","sun","approvedFull",,,,,,,,,,,,,"10:00","20:00","05/05/2024","06/23/2024","284.788746049","0034504","0034504","23C","MULTILINESTRING ((-73.97928670497116 40.77672475939906, -73.97879904892143 40.77741293369521))"
"147","Columbus Avenue Business Improvement District","COLUMBUS AVENUE","Manhattan","WEST 68 STREET","WEST 77 STREET","sun","approvedFull",,,,,,,,,,,,,"10:00","20:00","09/15/2024","10/27/2024","284.788746049","0034504","0034504","23C","MULTILINESTRING ((-73.97928670497116 40.77672475939906, -73.97879904892143 40.77741293369521))"
"148","North Brooklyn Open Streets Community Coalition (NBK OSCC)","BERRY STREET","Brooklyn","BROADWAY","NORTH 12 STREET","mon,tue,wed,thu,fri,sat,sun","approvedLimited","08:00","20:00","08:00","20:00","08:00","20:00","08:00","20:00","08:00","20:00","08:00","20:00","08:00","20:00","02/01/2024","12/31/2024","164.731992613","0034880","0034880","23C","MULTILINESTRING ((-73.96191191833822 40.71592926511034, -73.9622885519631 40.71557953183759))"
"149","North Brooklyn Open Streets Community Coalition (NBK OSCC)","BERRY STREET","Brooklyn","BROADWAY","NORTH 12 STREET","mon,tue,wed,thu,fri,sat,sun","approvedLimited","08:00","20:00","08:00","20:00","08:00","20:00","08:00","20:00","08:00","20:00","08:00","20:00","08:00","20:00","02/01/2024","12/31/2024","214.028052053","0034883","0034883","23C","MULTILINESTRING ((-73.96142298817139 40.71638391403132, -73.96191191833822 40.71592926511034))"
"150","North Brooklyn Open Streets Community Coalition (NBK OSCC)","BERRY STREET","Brooklyn","BROADWAY","NORTH 12 STREET","mon,tue,wed,thu,fri,sat,sun","approvedLimited","08:00","20:00","08:00","20:00","08:00","20:00","08:00","20:00","08:00","20:00","08:00","20:00","08:00","20:00","02/01/2024","12/31/2024","276.895850917","0034932","0034932","23C","MULTILINESTRING ((-73.96079164271563 40.71697285955101, -73.96142298817139 40.71638391403132))"
"151","North Brooklyn Open Streets Community Coalition (NBK OSCC)","BERRY STREET","Brooklyn","BROADWAY","NORTH 12 STREET","mon,tue,wed,thu,fri,sat,sun","approvedLimited","08:00","20:00","08:00","20:00","08:00","20:00","08:00","20:00","08:00","20:00","08:00","20:00","08:00","20:00","02/01/2024","12/31/2024","261.03240024","0034934","0034934","23C","MULTILINESTRING ((-73.96019654586776 40.71752811611517, -73.96079164271563 40.71697285955101))"
"152","North Brooklyn Open Streets Community Coalition (NBK OSCC)","BERRY STREET","Brooklyn","BROADWAY","NORTH 12 STREET","mon,tue,wed,thu,fri,sat,sun","approvedLimited","08:00","20:00","08:00","20:00","08:00","20:00","08:00","20:00","08:00","20:00","08:00","20:00","08:00","20:00","02/01/2024","12/31/2024","259.503309088","0034938","0034938","23C","MULTILINESTRING ((-73.9596060091252 40.71808078850268, -73.96019654586776 40.71752811611517))"
"153","North Brooklyn Open Streets Community Coalition (NBK OSCC)","BERRY STREET","Brooklyn","BROADWAY","NORTH 12 STREET","mon,tue,wed,thu,fri,sat,sun","approvedLimited","08:00","20:00","08:00","20:00","08:00","20:00","08:00","20:00","08:00","20:00","08:00","20:00","08:00","20:00","02/01/2024","12/31/2024","261.615425162","0034958","0034958","23C","MULTILINESTRING ((-73.95900820561019 40.71863643502416, -73.9596060091252 40.71808078850268))"
"154","North Brooklyn Open Streets Community Coalition (NBK OSCC)","BERRY STREET","Brooklyn","BROADWAY","NORTH 12 STREET","mon,tue,wed,thu,fri,sat,sun","approvedLimited","08:00","20:00","08:00","20:00","08:00","20:00","08:00","20:00","08:00","20:00","08:00","20:00","08:00","20:00","02/01/2024","12/31/2024","259.680876225","0034960","0034960","23C","MULTILINESTRING ((-73.95841618175702 40.71918882064559, -73.95900820561019 40.71863643502416))"
"155","North Brooklyn Open Streets Community Coalition (NBK OSCC)","BERRY STREET","Brooklyn","BROADWAY","NORTH 12 STREET","mon,tue,wed,thu,fri,sat,sun","approvedLimited","08:00","20:00","08:00","20:00","08:00","20:00","08:00","20:00","08:00","20:00","08:00","20:00","08:00","20:00","02/01/2024","12/31/2024","260.124641494","0034962","0034962","23C","MULTILINESTRING ((-73.95782063328396 40.719740588646864, -73.95841618175702 40.71918882064559))"
"156","North Brooklyn Open Streets Community Coalition (NBK OSCC)","BERRY STREET","Brooklyn","BROADWAY","NORTH 12 STREET","mon,tue,wed,thu,fri,sat,sun","approvedLimited","08:00","20:00","08:00","20:00","08:00","20:00","08:00","20:00","08:00","20:00","08:00","20:00","08:00","20:00","02/01/2024","12/31/2024","260.149914963","0035080","0035080","23C","MULTILINESTRING ((-73.95722538131609 40.720292634599474, -73.95782063328396 40.719740588646864))"
"157","North Brooklyn Open Streets Community Coalition (NBK OSCC)","BERRY STREET","Brooklyn","BROADWAY","NORTH 12 STREET","mon,tue,wed,thu,fri,sat,sun","approvedLimited","08:00","20:00","08:00","20:00","08:00","20:00","08:00","20:00","08:00","20:00","08:00","20:00","08:00","20:00","02/01/2024","12/31/2024","260.518506713","0035084","0035084","23C","MULTILINESTRING ((-73.95663008550925 40.72084596424915, -73.95722538131609 40.720292634599474))"
"158","North Brooklyn Open Streets Community Coalition (NBK OSCC)","BERRY STREET","Brooklyn","BROADWAY","NORTH 12 STREET","mon,tue,wed,thu,fri,sat,sun","approvedLimited","08:00","20:00","08:00","20:00","08:00","20:00","08:00","20:00","08:00","20:00","08:00","20:00","08:00","20:00","02/01/2024","12/31/2024","259.552436056","0035102","0035102","23C","MULTILINESTRING ((-73.95603779782694 40.72139774305538, -73.95663008550925 40.72084596424915))"
"159","North Brooklyn Open Streets Community Coalition","BEDFORD AVENUE","Brooklyn","LORIMER STREET","MANHATTAN AVENUE","mon,tue,wed,thu,fri,sat,sun","approvedFull","07:00","20:00","07:00","20:00","07:00","20:00","07:00","20:00","07:00","20:00","07:00","20:00","07:00","20:00","04/20/2024","11/30/2024","289.830392903","0035265","0035265","23C","MULTILINESTRING ((-73.9509775452122 40.724097381352536, -73.95164632211751 40.723485857168356))"
"160","Fifth Avenue Association","5 AVENUE","Manhattan","EAST 48 STREET","EAST 57 STREET","sun","approvedFull",,,,,,,,,,,,,"09:00","20:00","12/08/2024","12/08/2024","261.746494218","0035838","0035838","23C","MULTILINESTRING ((-73.97811607124811 40.75728442745133, -73.9776548278053 40.75791142357762))"
"161","Fifth Avenue Association","5 AVENUE","Manhattan","EAST 48 STREET","EAST 57 STREET","sun","approvedFull",,,,,,,,,,,,,"09:00","20:00","12/08/2024","12/08/2024","260.691966311","0035840","0035840","23C","MULTILINESTRING ((-73.9776548278053 40.75791142357762, -73.97720026571109 40.75853793285137))"
"162","Fifth Avenue Association","5 AVENUE","Manhattan","EAST 48 STREET","EAST 57 STREET","sun","approvedFull",,,,,,,,,,,,,"09:00","20:00","12/08/2024","12/08/2024","260.923371059","0035843","0035843","23C","MULTILINESTRING ((-73.97720026571109 40.75853793285137, -73.97674467649142 40.75916473813556))"
"163","Fifth Avenue Association","5 AVENUE","Manhattan","EAST 48 STREET","EAST 57 STREET","sun","approvedFull",,,,,,,,,,,,,"09:00","20:00","12/08/2024","12/08/2024","259.447409996","0035846","0035846","23C","MULTILINESTRING ((-73.97674467649142 40.75916473813556, -73.97628870143396 40.75978674899675))"
"164","Fifth Avenue Association","5 AVENUE","Manhattan","EAST 48 STREET","EAST 57 STREET","sun","approvedFull",,,,,,,,,,,,,"09:00","20:00","12/08/2024","12/08/2024","262.906712197","0035854","0035854","23C","MULTILINESTRING ((-73.97628870143396 40.75978674899675, -73.97583011953861 40.76041851982213))"
"165","Fifth Avenue Association","5 AVENUE","Manhattan","EAST 48 STREET","EAST 57 STREET","sun","approvedFull",,,,,,,,,,,,,"09:00","20:00","12/08/2024","12/08/2024","259.320292057","0035857","0035857","23C","MULTILINESTRING ((-73.97583011953861 40.76041851982213, -73.97537360649422 40.76103990639012))"
"166","Fifth Avenue Association","5 AVENUE","Manhattan","EAST 48 STREET","EAST 57 STREET","sun","approvedFull",,,,,,,,,,,,,"09:00","20:00","12/08/2024","12/08/2024","261.536202633","0035994","0035994","23C","MULTILINESTRING ((-73.97537360649422 40.76103990639012, -73.97491476261246 40.76166726993638))"
"167","Fifth Avenue Association","5 AVENUE","Manhattan","EAST 48 STREET","EAST 57 STREET","sun","approvedFull",,,,,,,,,,,,,"09:00","20:00","12/08/2024","12/08/2024","260.855218895","0035998","0035998","23C","MULTILINESTRING ((-73.97491476261246 40.76166726993638, -73.97445730581376 40.76229308303918))"
"168","Fifth Avenue Association","5 AVENUE","Manhattan","EAST 48 STREET","EAST 57 STREET","sun","approvedFull",,,,,,,,,,,,,"09:00","20:00","12/08/2024","12/08/2024","280.330354319","0036011","0036011","23C","MULTILINESTRING ((-73.97445730581376 40.76229308303918, -73.97396798923295 40.76296658678861))"
"169","Columbus Avenue Business Improvement District","COLUMBUS AVENUE","Manhattan","WEST 68 STREET","WEST 77 STREET","sun","approvedFull",,,,,,,,,,,,,"10:00","20:00","05/05/2024","06/23/2024","285.540563933","0037083","0037083","23C","MULTILINESTRING ((-73.97879904892143 40.77741293369521, -73.97829244278431 40.77809552367788))"
"170","Columbus Avenue Business Improvement District","COLUMBUS AVENUE","Manhattan","WEST 68 STREET","WEST 77 STREET","sun","approvedFull",,,,,,,,,,,,,"10:00","20:00","09/15/2024","10/27/2024","285.540563933","0037083","0037083","23C","MULTILINESTRING ((-73.97879904892143 40.77741293369521, -73.97829244278431 40.77809552367788))"
"171","Columbus Avenue Business Improvement District","COLUMBUS AVENUE","Manhattan","WEST 68 STREET","WEST 77 STREET","sun","approvedFull",,,,,,,,,,,,,"10:00","20:00","05/05/2024","06/23/2024","264.096831562","0037085","0037085","23C","MULTILINESTRING ((-73.97829244278431 40.77809552367788, -73.97783301702559 40.778730721617826))"
"172","Columbus Avenue Business Improvement District","COLUMBUS AVENUE","Manhattan","WEST 68 STREET","WEST 77 STREET","sun","approvedFull",,,,,,,,,,,,,"10:00","20:00","09/15/2024","10/27/2024","264.096831562","0037085","0037085","23C","MULTILINESTRING ((-73.97829244278431 40.77809552367788, -73.97783301702559 40.778730721617826))"
"173","Columbus Avenue Business Improvement District","COLUMBUS AVENUE","Manhattan","WEST 68 STREET","WEST 77 STREET","sun","approvedFull",,,,,,,,,,,,,"10:00","20:00","05/05/2024","06/23/2024","264.253424335","0037087","0037087","23C","MULTILINESTRING ((-73.97783301702559 40.778730721617826, -73.97736845837075 40.77936425253055))"
"174","Columbus Avenue Business Improvement District","COLUMBUS AVENUE","Manhattan","WEST 68 STREET","WEST 77 STREET","sun","approvedFull",,,,,,,,,,,,,"10:00","20:00","09/15/2024","10/27/2024","264.253424335","0037087","0037087","23C","MULTILINESTRING ((-73.97783301702559 40.778730721617826, -73.97736845837075 40.77936425253055))"
"175","Columbus Avenue Business Improvement District","COLUMBUS AVENUE","Manhattan","WEST 68 STREET","WEST 77 STREET","sun","approvedFull",,,,,,,,,,,,,"10:00","20:00","05/05/2024","06/23/2024","264.219463149","0037091","0037091","23C","MULTILINESTRING ((-73.97736845837075 40.77936425253055, -73.97690314233175 40.77999735722276))"
"176","Columbus Avenue Business Improvement District","COLUMBUS AVENUE","Manhattan","WEST 68 STREET","WEST 77 STREET","sun","approvedFull",,,,,,,,,,,,,"10:00","20:00","09/15/2024","10/27/2024","264.219463149","0037091","0037091","23C","MULTILINESTRING ((-73.97736845837075 40.77936425253055, -73.97690314233175 40.77999735722276))"
"177","The Nightingale Bamford School","EAST 92 STREET","Manhattan","5 AVENUE","MADISON AVENUE","mon,tue,wed,thu,fri","approvedFullSchools","09:00","14:30","09:00","14:30","09:00","14:30","09:00","14:30","09:00","14:30",,,,,"09/05/2024","06/27/2025","507.821982814","0037601","0037601","23C","MULTILINESTRING ((-73.95763599385073 40.78534345749869, -73.95603053229628 40.78466992047165))"
"178","PS 290 The Manhattan New School","EAST 82 STREET","Manhattan","2 AVENUE","1 AVENUE","mon,tue,wed,thu,fri","approvedFullSchools","08:00","15:00","08:00","15:00","08:00","15:00","08:00","15:00","08:00","15:00",,,,,"09/05/2024","06/27/2025","749.529938613","0037744","0037744","23C","MULTILINESTRING ((-73.95362762524242 40.775290673445994, -73.95126173428294 40.77429193990926))"
"179","Lenape Bloemendael DMA dba Columbus Amsterdam Business Improvement District","AMSTERDAM AVENUE","Manhattan","WEST 106 STREET","CATHEDRAL PARKWAY","sat,sun","approvedFull",,,,,,,,,,,"11:00","19:00","12:00","18:00","04/20/2024","11/10/2024","262.082479366","0038180","0038180","23C","MULTILINESTRING ((-73.9652151143523 40.8011111502897, -73.96475930379877 40.80174161330698))"
"180","Lenape Bloemendael DMA dba Columbus Amsterdam Business Improvement District","AMSTERDAM AVENUE","Manhattan","WEST 106 STREET","CATHEDRAL PARKWAY","sat,sun","approvedFull",,,,,,,,,,,"11:00","19:00","12:00","18:00","04/20/2024","11/10/2024","262.597270057","0038233","0038233","23C","MULTILINESTRING ((-73.96475930379877 40.80174161330698, -73.96430100520557 40.80237265001011))"
"181","Lenape Bloemendael DMA dba Columbus Amsterdam Business Improvement District","AMSTERDAM AVENUE","Manhattan","WEST 106 STREET","CATHEDRAL PARKWAY","sat,sun","approvedFull",,,,,,,,,,,"11:00","19:00","12:00","18:00","04/20/2024","11/10/2024","250.021306539","0038235","0038235","23C","MULTILINESTRING ((-73.96430100520557 40.80237265001011, -73.9638612634734 40.80297203811611))"
"182","Frederick Douglass Boulevard Alliance","FREDERICK DOUGLASS BOULEVARD","Manhattan","WEST 112 STREET","WEST 121 STREET","sat,sun","approvedFull",,,,,,,,,,,"12:00","22:00","12:01","21:00","06/15/2024","10/06/2024","262.247503458","0038463","0038463","23C","MULTILINESTRING ((-73.95723749365877 40.80185796129589, -73.9567781119241 40.80248744585826))"
"183","Frederick Douglass Boulevard Alliance","FREDERICK DOUGLASS BOULEVARD","Manhattan","WEST 112 STREET","WEST 121 STREET","sat,sun","approvedFull",,,,,,,,,,,"12:00","22:00","12:01","21:00","06/15/2024","10/06/2024","261.416840964","0038465","0038465","23C","MULTILINESTRING ((-73.9567781119241 40.80248744585826, -73.9563211507074 40.8031153445693))"
"184","Frederick Douglass Boulevard Alliance","FREDERICK DOUGLASS BOULEVARD","Manhattan","WEST 112 STREET","WEST 121 STREET","sat,sun","approvedFull",,,,,,,,,,,"12:00","22:00","12:01","21:00","06/15/2024","10/06/2024","262.012991328","0038467","0038467","23C","MULTILINESTRING ((-73.9563211507074 40.8031153445693, -73.95586271530266 40.80374449523961))"
"185","Frederick Douglass Boulevard Alliance","FREDERICK DOUGLASS BOULEVARD","Manhattan","WEST 112 STREET","WEST 121 STREET","sat,sun","approvedFull",,,,,,,,,,,"12:00","22:00","12:01","21:00","06/15/2024","10/06/2024","281.54879238","0038475","0038475","23C","MULTILINESTRING ((-73.95586271530266 40.80374449523961, -73.95536845698138 40.804419865366015))"
"186","Frederick Douglass Boulevard Alliance","FREDERICK DOUGLASS BOULEVARD","Manhattan","WEST 112 STREET","WEST 121 STREET","sat,sun","approvedFull",,,,,,,,,,,"12:00","22:00","12:01","21:00","06/15/2024","10/06/2024","282.031428639","0038477","0038477","23C","MULTILINESTRING ((-73.95536845698138 40.804419865366015, -73.95487450985411 40.805096884039806))"
"187","Frederick Douglass Boulevard Alliance","FREDERICK DOUGLASS BOULEVARD","Manhattan","WEST 112 STREET","WEST 121 STREET","sat,sun","approvedFull",,,,,,,,,,,"12:00","22:00","12:01","21:00","06/15/2024","10/06/2024","261.742485949","0038479","0038479","23C","MULTILINESTRING ((-73.95487450985411 40.805096884039806, -73.95441604415457 40.805725178685776))"
"188","Frederick Douglass Boulevard Alliance","FREDERICK DOUGLASS BOULEVARD","Manhattan","WEST 112 STREET","WEST 121 STREET","sat,sun","approvedFull",,,,,,,,,,,"12:00","22:00","12:01","21:00","06/15/2024","10/06/2024","261.788118269","0038481","0038481","23C","MULTILINESTRING ((-73.95441604415457 40.805725178685776, -73.95395687069113 40.80635331988214))"
"189","Frederick Douglass Boulevard Alliance","FREDERICK DOUGLASS BOULEVARD","Manhattan","WEST 112 STREET","WEST 121 STREET","sat,sun","approvedFull",,,,,,,,,,,"12:00","22:00","12:01","21:00","06/15/2024","10/06/2024","261.464738586","0038495","0038495","23C","MULTILINESTRING ((-73.95395687069113 40.80635331988214, -73.95349969153126 40.80698128799894))"
"190","Frederick Douglass Boulevard Alliance","FREDERICK DOUGLASS BOULEVARD","Manhattan","WEST 112 STREET","WEST 121 STREET","sat,sun","approvedFull",,,,,,,,,,,"12:00","22:00","12:01","21:00","06/15/2024","10/06/2024","262.203485539","0038605","0038605","23C","MULTILINESTRING ((-73.95349969153126 40.80698128799894, -73.95304020364024 40.807610604049685))"
"191","Harlem Mothers Stop Another Violent End","WEST 128 STREET","Manhattan","FREDERICK DOUGLASS BOULEVARD","ST NICHOLAS AVENUE","tue,wed","approvedFull",,,"09:30","17:00","09:30","17:00",,,,,,,,,"07/02/2024","08/30/2024","366.82249151","0038742","0038742","23C","MULTILINESTRING ((-73.9497577708401 40.812103596236994, -73.95092865718738 40.81257507154855))"
"192","Harlem One Stop Inc","WEST 142 STREET","Manhattan","AMSTERDAM AVENUE","HAMILTON PLACE","sat","approvedFull",,,,,,,,,,,"11:00","18:30",,,"06/22/2024","08/31/2024","217.521338996","0038790","0038790","23C","MULTILINESTRING ((-73.94900611385265 40.823314269677, -73.94969330201722 40.82360400080279))"
"193","Riverdale Avenue Community School","STRAUSS STREET","Brooklyn","RIVERDALE AVENUE","NEWPORT STREET","fri","approvedFullSchools",,,,,,,,,"07:30","16:30",,,,,"09/05/2024","06/27/2025","570.216026575","0042789","0042789","23C","MULTILINESTRING ((-73.91413057983934 40.660181439574465, -73.91373611748729 40.658645420770846))"
"194","The 700 Jefferson Avenue Block Association","JEFFERSON AVENUE","Brooklyn","MALCOLM X BOULEVARD","PATCHEN AVENUE","fri,sat,sun","approvedFull",,,,,,,,,"12:00","21:00","12:00","21:00","12:00","21:00","01/13/2024","12/31/2024","817.573551544","0043331","0043331","23C","MULTILINESTRING ((-73.92959057545474 40.6856350487971, -73.92667582495696 40.68597069605664))"
"195","NYC Department of Health and Mental Hygiene","BRISTOL STREET","Brooklyn","DUMONT AVENUE","BLAKE AVENUE","fri","approvedLimited",,,,,,,,,"14:00","16:00",,,,,"04/22/2024","09/23/2024","570.047596659","0043841","0043841","23C","MULTILINESTRING ((-73.91155871838961 40.66535035660417, -73.91116635398302 40.66381449359951))"
"196","Justice Innovation Inc. d/b/a Center for Justice Innovation (Brownsville Community Justice Center)","THATFORD AVENUE","Brooklyn","BELMONT AVENUE","DEAD END","mon,tue,wed,thu,fri","approvedFull","11:00","17:00","11:00","17:00","11:00","17:00","11:00","17:00","11:00","17:00",,,,,"03/18/2024","12/18/2024","128.64205526","0044000","0044000","23C","MULTILINESTRING ((-73.90947503847897 40.66856059803424, -73.90939058333187 40.668213409612484))"
"197","Justice Innovation Inc. d/b/a Center for Justice Innovation (Brownsville Community Justice Center)","WATKINS STREET","Brooklyn","BELMONT AVENUE","DEAD END","mon,tue,wed,thu,fri","approvedFull","11:00","17:00","11:00","17:00","11:00","17:00","11:00","17:00","11:00","17:00",,,,,"03/18/2024","12/18/2024","128.626728207","0044007","0044007","23C","MULTILINESTRING ((-73.90763826491444 40.6688314270903, -73.90754834211101 40.66848507851471))"
"198","Sharon Street Block Association","SHARON STREET","Brooklyn","OLIVE STREET","MORGAN AVENUE","mon,tue,wed,thu,fri,sat,sun","approvedLimited","08:00","20:00","08:00","20:00","08:00","20:00","08:00","20:00","08:00","20:00","08:00","20:00","08:00","20:00","02/01/2024","12/31/2024","855.752080229","0044360","0044360","23C","MULTILINESTRING ((-73.93869574855565 40.71532359170291, -73.93561374082381 40.71519093000233))"
"199","Troutman Street Open Street Coalition","TROUTMAN STREET","Brooklyn","IRVING AVENUE","ST NICHOLAS AVENUE","sat,sun","approvedFull",,,,,,,,,,,"10:00","22:00","10:00","22:00","04/22/2024","10/31/2024","796.768759513","0044899","0044899","23C","MULTILINESTRING ((-73.92458598687635 40.7048250409959, -73.92286348621984 40.70657559398294))"
"200","Troutman Street Open Street Coalition","TROUTMAN STREET","Brooklyn","IRVING AVENUE","ST NICHOLAS AVENUE","sat,sun","approvedFull",,,,,,,,,,,"10:00","22:00","10:00","22:00","04/22/2024","10/31/2024","496.528683802","0044904","0044904","23C","MULTILINESTRING ((-73.92286348621984 40.70657559398294, -73.92176576884313 40.707652422457365))"
"201","Public School 273Q","88 AVENUE","Queens","102 STREET","104 STREET","mon,tue,wed,thu,fri","approvedFullSchools","11:00","13:45","11:00","13:45","11:00","13:45","11:00","13:45","11:00","13:45",,,,,"09/05/2024","06/27/2025","511.054922439","0053049","0053049","23C","MULTILINESTRING ((-73.84470105325589 40.693725695218994, -73.84297466634008 40.69421660032177))"
"202","JAMROCK JERK LLC","141 STREET","Queens","109 AVENUE","LAKEWOOD AVENUE","fri,sat,sun","approvedFull",,,,,,,,,"16:00","23:59","12:00","23:59","12:00","23:59","04/27/2024","10/31/2024","181.755126001","0055647","0055647","23C","MULTILINESTRING ((-73.80572163685346 40.68782681471375, -73.80529160225845 40.68745035672103))"
"203","HOOD WORKS INC","156 STREET","Queens","108 AVENUE","107 AVENUE","mon,tue,wed,thu,fri,sat","approvedLimited","10:00","16:00","10:00","16:00","10:00","16:00","10:00","16:00","10:00","16:00","11:00","17:00",,,"06/01/2024","09/28/2024","660.467841516","0060037","0060037","23C","MULTILINESTRING ((-73.79748122395601 40.69600212813062, -73.7963233593598 40.694417924912955))"
"204","Downtown Jamaica Partnership","165 STREET","Queens","JAMAICA AVENUE","89 AVENUE","mon,tue,wed,thu,fri,sat,sun","approvedFull","12:00","18:00","12:00","18:00","12:00","18:00","12:00","18:00","12:00","18:00","12:00","18:00","12:00","18:00","05/01/2024","12/31/2024","913.593477042","0060112","0060112","23C","MULTILINESTRING ((-73.79631660911042 40.707723094187585, -73.79489532788946 40.705460746475175))"
"205","Kesher Bridging Communities","READS LANE","Queens","CORNAGA AVENUE","MEEHAN AVENUE","fri,sat,sun","approvedLimited",,,,,,,,,"15:30","19:00","08:00","20:00","12:00","16:00","01/01/2024","12/31/2024","238.380117767","0061952","0061952","23C","MULTILINESTRING ((-73.74172925009412 40.602296468168596, -73.7422212556127 40.6028326472821))"
"206","Kesher Bridging Communities","READS LANE","Queens","CORNAGA AVENUE","MEEHAN AVENUE","fri,sat,sun","approvedLimited",,,,,,,,,"15:30","19:00","08:00","20:00","12:00","16:00","01/01/2024","12/31/2024","253.75461537","0061997","0061997","23C","MULTILINESTRING ((-73.73857551171513 40.59968274656414, -73.73915126556885 40.60022360515182))"
"207","Kesher Bridging Communities","READS LANE","Queens","CORNAGA AVENUE","MEEHAN AVENUE","fri,sat,sun","approvedLimited",,,,,,,,,"15:30","19:00","08:00","20:00","12:00","16:00","01/01/2024","12/31/2024","365.203622545","0062003","0062003","23C","MULTILINESTRING ((-73.74085553909852 40.60156377494352, -73.74103479536834 40.60165786343339, -73.74120343222454 40.60176495203705, -73.74135906031331 40.601883934980705, -73.74149963305324 40.60201335426455, -73.7416234474319 40.60215149871751, -73.74172925009412 40.602296468168596))"
"208","Kesher Bridging Communities","READS LANE","Queens","CORNAGA AVENUE","MEEHAN AVENUE","fri,sat,sun","approvedLimited",,,,,,,,,"15:30","19:00","08:00","20:00","12:00","16:00","01/01/2024","12/31/2024","199.156758827","0062006","0062006","23C","MULTILINESTRING ((-73.74029877895575 40.60121919619097, -73.74085553909852 40.60156377494352))"
"209","Kesher Bridging Communities","READS LANE","Queens","CORNAGA AVENUE","MEEHAN AVENUE","fri,sat,sun","approvedLimited",,,,,,,,,"15:30","19:00","08:00","20:00","12:00","16:00","01/01/2024","12/31/2024","233.007775564","0062008","0062008","23C","MULTILINESTRING ((-73.73972262865874 40.600754238894375, -73.74029877895575 40.60121919619097))"
"210","Kesher Bridging Communities","READS LANE","Queens","CORNAGA AVENUE","MEEHAN AVENUE","fri,sat,sun","approvedLimited",,,,,,,,,"15:30","19:00","08:00","20:00","12:00","16:00","01/01/2024","12/31/2024","250.096764339","0062010","0062010","23C","MULTILINESTRING ((-73.73915126556885 40.60022360515182, -73.73972262865874 40.600754238894375))"
"211","PS 134Q: Langston Hughes School","109 AVENUE","Queens","203 STREET","204 STREET","mon,tue,wed,thu,fri","approvedFullSchools","10:00","14:00","10:00","14:00","10:00","14:00","10:00","14:00","10:00","14:00",,,,,"09/05/2024","06/27/2025","259.277500616","0064632","0064632","23C","MULTILINESTRING ((-73.7554168966385 40.70796357270547, -73.75452474163696 40.708176959676564))"
"212","LaGuardia Community College","29 STREET","Queens","47 AVENUE","SKILLMAN AVENUE","mon,tue,wed,thu,fri","approvedFull","08:00","20:00","08:00","20:00","08:00","20:00","08:00","20:00","08:00","20:00",,,,,"05/01/2024","11/01/2024","606.926158791","0067208","0067208","23C","MULTILINESTRING ((-73.93825761873377 40.74506843728683, -73.93856966072069 40.743419568838995))"
"213","Our World Neighborhood Charter School","37 STREET","Queens","36 AVENUE","35 AVENUE","mon,tue,wed,thu,fri","approvedFullSchools","10:00","13:15","10:00","13:15","10:00","13:15","10:00","13:15","10:00","13:15",,,,,"09/05/2024","06/27/2025","660.305742571","0067750","0067750","23C","MULTILINESTRING ((-73.92370440142724 40.75588003725886, -73.92495400124389 40.754336751197954))"
"214","31st Ave Open Street Collective","31 AVENUE","Queens","33 STREET","35 STREET","sat,sun","approvedFull",,,,,,,,,,,"12:00","20:00","12:00","20:00","04/06/2024","12/29/2024","260.226449415","0067781","0067781","23C","MULTILINESTRING ((-73.92188016164027 40.76357438580613, -73.92108063899165 40.76319941199169))"
"215","31st Ave Open Street Collective","31 AVENUE","Queens","33 STREET","35 STREET","sat,sun","approvedFull",,,,,,,,,,,"12:00","20:00","12:00","20:00","04/06/2024","12/29/2024","260.013665877","0067896","0067896","23C","MULTILINESTRING ((-73.92108063899165 40.76319941199169, -73.92028343686519 40.762822703437585))"
"216","Salsa Stories","EAST 115 STREET","Manhattan","PLEASANT AVENUE","1 AVENUE","sat","approvedFull",,,,,,,,,,,"17:00","21:00",,,"07/20/2024","08/24/2024","713.716691974","0068462","0068462","23C","MULTILINESTRING ((-73.93591227007374 40.79531183757352, -73.93364741404376 40.79437650324726))"
"217","The Young Women’s Leadership School of Astoria","NEWTOWN AVENUE","Queens","23 STREET","CRESCENT STREET","mon,tue,wed,thu,fri","approvedFullSchools","07:30","16:30","07:30","16:30","07:30","16:30","07:30","16:30","07:30","16:30",,,,,"03/11/2024","06/27/2025","464.245154284","0068661","0068661","23C","MULTILINESTRING ((-73.92478315052978 40.771354772176494, -73.92363353401703 40.77042752388768))"
"218","The Young Women’s Leadership School of Astoria","23 STREET","Queens","NEWTOWN AVENUE","ASTORIA BOULEVARD","mon,tue,wed,thu,fri","approvedFullSchools","10:00","14:30","10:00","14:30","10:00","14:30","10:00","14:30","10:00","14:30",,,,,"04/01/2024","06/27/2025","180.316548821","0068663","0068663","23C","MULTILINESTRING ((-73.92444128039068 40.771775957096814, -73.92478315052978 40.771354772176494))"
"219","Global Community Charter School","WEST 142 STREET","Manhattan","CHISUM PLACE","5 AVENUE","mon,tue,wed,thu,fri","approvedFullSchools","10:30","15:00","10:30","15:00","10:30","15:00","10:30","15:00","10:30","15:00",,,,,"09/05/2024","06/27/2025","471.518331073","0069384","0069384","23C","MULTILINESTRING ((-73.93445400187738 40.81718852805827, -73.9359602751406 40.81779301086115))"
"220","I Challenge Myself","RAE STREET","Bronx","ST ANNS AVENUE","DEAD END","sat","approvedFull",,,,,,,,,,,"12:00","15:00",,,"05/04/2024","05/25/2024","273.432501832","0070386","0070386","23C","MULTILINESTRING ((-73.9123517611332 40.8175095783782, -73.91138050181156 40.81737256465131))"
"221","I Challenge Myself","RAE STREET","Bronx","DEAD END","ST ANNS AVENUE","mon,tue,wed,thu,fri","approvedLimited","14:00","16:00","14:00","16:00","14:00","16:00","14:00","16:00","14:00","16:00",,,,,"07/08/2024","08/02/2024","273.432501832","0070386","0070386","23C","MULTILINESTRING ((-73.9123517611332 40.8175095783782, -73.91138050181156 40.81737256465131))"
"222","PS/MS 5 Port Morris School of Community Leadership","EAST 150 STREET","Bronx","CONCORD AVENUE","WALES AVENUE","mon,tue,wed,thu,fri","approvedFullSchools","08:00","16:00","08:00","16:00","08:00","16:00","08:00","16:00","08:00","16:00",,,,,"03/01/2024","06/27/2025","258.28226138","0070547","0070547","23C","MULTILINESTRING ((-73.90786782004743 40.81383445855936, -73.90696621330879 40.81365190517436))"
"223","PS 528 Bea Fuller Rogers School","WADSWORTH AVENUE","Manhattan","WEST 182 STREET","WEST 183 STREET","mon,tue,wed,thu,fri","approvedFullSchools","10:00","13:30","10:00","13:30","10:00","13:30","10:00","13:30","10:00","13:30",,,,,"04/01/2024","06/27/2025","252.416327138","0071143","0071143","23C","MULTILINESTRING ((-73.93454397331827 40.850416634055094, -73.93409858262933 40.85102128585821))"
"224","Futures Ignite","WEST 182 STREET","Manhattan","AMSTERDAM AVENUE","AUDUBON AVENUE","wed,fri","approvedFullSchools",,,,,"08:00","17:00",,,"08:00","17:00",,,,,"04/01/2024","10/25/2024","458.838780937","0071358","0071358","23C","MULTILINESTRING ((-73.93046666804214 40.84869746135763, -73.9319167907235 40.84930859793166))"
"225","WHEDCo/P.S./I.S. 218","WALTON AVENUE","Bronx","EAST 167 STREET","EAST 168 STREET","mon,tue,wed,thu","approvedFull","11:30","17:00","11:30","17:00","11:30","17:00","11:30","17:00",,,,,,,"07/02/2024","08/16/2024","566.975411825","0071792","0071792","23C","MULTILINESTRING ((-73.91945523086237 40.83509990027453, -73.91841189089796 40.83643921855916))"
"226","New Settlement","GOBLE PLACE","Bronx","JEROME AVENUE","INWOOD AVENUE","sat","approvedFull",,,,,,,,,,,"09:00","17:00",,,"04/20/2024","06/15/2024","348.714221481","0072021","0072021","23C","MULTILINESTRING ((-73.91655582435216 40.843822424582314, -73.91544686047185 40.84336763342378))"
"227","Connectemonos","AUDUBON AVENUE","Manhattan","WEST 189 STREET","WEST 190 STREET","wed,thu,fri","approvedFull",,,,,"11:00","17:00","11:00","17:00","11:00","17:00",,,,,"07/10/2024","08/09/2024","249.367233657","0072495","0072495","23C","MULTILINESTRING ((-73.92869147619706 40.85372289490998, -73.92825425798922 40.85432143257031))"
"228","Community League of the Heights (CLOTH)","ACADEMY STREET","Manhattan","BROADWAY","VERMILYEA AVENUE","mon,tue,wed,thu,fri","approvedFull","08:00","16:00","08:00","16:00","08:00","16:00","08:00","16:00","08:00","16:00",,,,,"07/08/2024","08/16/2024","393.17947635","0072649","0072649","23C","MULTILINESTRING ((-73.92438411016889 40.865365475394306, -73.92500420676517 40.86633654473176))"
"229","Muscota New School/Amistad","ACADEMY STREET","Manhattan","BROADWAY","VERMILYEA AVENUE","mon,tue,wed,thu,fri","approvedFullSchools","10:00","13:30","10:00","13:30","10:00","13:30","10:00","13:30","10:00","13:30",,,,,"09/05/2024","06/27/2025","393.17947635","0072649","0072649","23C","MULTILINESTRING ((-73.92438411016889 40.865365475394306, -73.92500420676517 40.86633654473176))"
"230","School in the Square","COOPER STREET","Manhattan","WEST 207 STREET","ISHAM STREET","mon,tue,fri","approvedFullSchools","10:00","13:00","10:00","13:00",,,,,"10:00","13:00",,,,,"07/01/2024","06/27/2025","430.089003553","0072666","0072666","23C","MULTILINESTRING ((-73.9217261317312 40.86849673949882, -73.92031958337313 40.86900013984714))"
"231","P.S. 012 James B. Colgate","72 STREET","Queens","WOODSIDE AVENUE","43 AVENUE","mon,tue,wed,thu,fri","approvedFullSchools","07:30","14:30","07:30","14:30","07:30","14:30","07:30","14:30","07:30","14:30",,,,,"09/05/2024","06/27/2025","262.40248255","0074286","0074286","23C","MULTILINESTRING ((-73.89282064638911 40.742740534414935, -73.89265983373296 40.742030766635445))"
"232","Korean Art Forum, Inc (aka. Korea Art Forum)","62 STREET","Queens","WOODSIDE AVENUE","DEAD END","sun","approvedFull",,,,,,,,,,,,,"12:00","18:00","03/31/2024","04/21/2024","168.327470091","0075542","0075542","23C","MULTILINESTRING ((-73.90242842531859 40.74506955597135, -73.9026255991796 40.74463255361577))"
"233","Thai Community USA NYC","WOODSIDE AVENUE","Queens","76 STREET","79 STREET","sat","approvedFull",,,,,,,,,,,"11:30","19:30",,,"04/20/2024","11/02/2024","250.630435145","0076181","0076181","23C","MULTILINESTRING ((-73.88886955122378 40.74339932017687, -73.88798650843741 40.74354819213155))"
"234","Thai Community USA NYC","WOODSIDE AVENUE","Queens","76 STREET","79 STREET","sat","approvedFull",,,,,,,,,,,"11:30","19:30",,,"04/20/2024","11/02/2024","250.444267462","0076185","0076185","23C","MULTILINESTRING ((-73.88798650843741 40.74354819213155, -73.88709844069113 40.743675917479244))"
"235","Thai Community USA NYC","WOODSIDE AVENUE","Queens","76 STREET","79 STREET","sat","approvedFull",,,,,,,,,,,"11:30","19:30",,,"04/20/2024","11/02/2024","249.338851362","0076195","0076195","23C","MULTILINESTRING ((-73.88709844069113 40.743675917479244, -73.88620818000958 40.74377540290285))"
"236","PS89Q: The Jose Peralta School of Dreamers (24Q089)","BRITTON AVENUE","Queens","HAMPTON STREET","GLEANE STREET","mon,tue,wed,thu,fri","approvedFullSchools","07:45","14:10","07:45","14:10","07:45","14:10","07:45","14:10","07:45","14:10",,,,,"07/05/2024","06/27/2025","255.981373559","0076457","0076457","23C","MULTILINESTRING ((-73.88028404017506 40.74583541376736, -73.87981764520957 40.74644190599716))"
"237","PS89Q: The Jose Peralta School of Dreamers (24Q089)","BRITTON AVENUE","Queens","HAMPTON STREET","GLEANE STREET","mon,tue,wed,thu,fri","approvedFullSchools","07:45","14:10","07:45","14:10","07:45","14:10","07:45","14:10","07:45","14:10",,,,,"07/05/2024","06/27/2025","255.981373559","0076457","0076457","23C","MULTILINESTRING ((-73.88028404017506 40.74583541376736, -73.87981764520957 40.74644190599716))"
"238","PS89Q: The Jose Peralta School of Dreamers (24Q089)","BRITTON AVENUE","Queens","HAMPTON STREET","GLEANE STREET","mon,tue,wed,thu,fri","approvedFullSchools","07:45","14:10","07:45","14:10","07:45","14:10","07:45","14:10","07:45","14:10",,,,,"07/05/2024","06/27/2025","255.981373559","0076457","0076457","23C","MULTILINESTRING ((-73.88028404017506 40.74583541376736, -73.87981764520957 40.74644190599716))"
"239","Moving Up Children Center","94 STREET","Queens","BENHAM STREET","40 DRIVE","mon,tue,wed,thu,fri","approvedFullSchools","08:00","12:00","08:00","12:00","08:00","12:00","08:00","12:00","08:00","12:00",,,,,"09/05/2024","06/27/2025","183.091180888","0076724","0076724","23C","MULTILINESTRING ((-73.87206844655077 40.747480650434326, -73.87196437526234 40.74698438319554))"
"240","Leaders In Our Neighborhood Charter School","LONGFELLOW AVENUE","Bronx","LAFAYETTE AVENUE","SPOFFORD AVENUE","mon,tue,wed,thu,fri","approvedFullSchools","11:00","13:00","11:00","13:00","11:00","13:00","11:00","13:00","11:00","13:00",,,,,"09/05/2024","06/27/2025","849.810437613","0077823","0077823","23C","MULTILINESTRING ((-73.88464175169496 40.814782278060285, -73.8852397045974 40.81707010272978))"
"241","Caldwell Enrichment Program Inc.","JENNINGS STREET","Bronx","PROSPECT AVENUE","CHISHOLM STREET","mon,tue,wed,thu,fri,sat","approvedFull","11:00","19:00","11:00","19:00","11:00","19:00","11:00","19:00","11:00","19:00","13:00","19:00",,,"06/08/2024","10/31/2024","228.944896631","0078482","0078482","23C","MULTILINESTRING ((-73.89669216111301 40.83196614387176, -73.89587182341708 40.83204759430223))"
"242","PS 59 Community School of Technology","BATHGATE AVENUE","Bronx","EAST 182 STREET","EAST 181 STREET","mon","approvedFullSchools","07:30","16:30",,,,,,,,,,,,,"09/05/2024","06/27/2025","603.261351876","0078713","0078713","23C","MULTILINESTRING ((-73.89431774086066 40.8518913112589, -73.89307140956154 40.85324998666079))"
"243","P.S. 32 The Belmont School","BEAUMONT AVENUE","Bronx","EAST 183 STREET","GROTE STREET","tue","approvedFullSchools",,,"08:00","16:00",,,,,,,,,,,"03/01/2024","06/27/2025","317.226494344","0079052","0079052","23C","MULTILINESTRING ((-73.8859505832068 40.851184335714784, -73.88554330591762 40.851998256449406))"
"244","I AM MY COMMUNITY INC","EVELYN PLACE","Bronx","GRAND AVENUE","AQUEDUCT AVENUE EAST","mon,tue,wed,thu,fri,sat,sun","approvedFull","08:00","21:00","08:00","21:00","08:00","21:00","08:00","21:00","08:00","21:00","08:00","21:00","08:00","21:00","05/11/2024","11/30/2024","280.375172245","0079607","0079607","23C","MULTILINESTRING ((-73.90532952047678 40.859643657792944, -73.9062521087703 40.85996234735353))"
"245","Public School 363 (10X363/APLE)","FIELD PLACE","Bronx","CRESTON AVENUE","MORRIS AVENUE","mon,tue,wed,thu,fri","approvedFullSchools","07:30","16:30","07:30","16:30","07:30","16:30","07:30","16:30","07:30","16:30",,,,,"09/05/2024","06/27/2025","294.248164548","0079761","0079761","23C","MULTILINESTRING ((-73.90116152396511 40.85934914191432, -73.90019240082604 40.85901617960335))"
"246","Decatur Block Association","DECATUR AVENUE","Bronx","EAST 194 STREET","EAST 195 STREET","wed,thu,fri","approvedFull",,,,,"10:00","16:30","10:00","16:30","10:00","16:30",,,,,"06/01/2024","08/24/2024","582.539521483","0080180","0080180","23C","MULTILINESTRING ((-73.89016163710265 40.863476362330495, -73.8888956610507 40.86475415244581))"
"247","I.S.61Q Leonardo Da Vinci","50 AVENUE","Queens","99 STREET","98 STREET","mon,tue,wed,thu,fri","approvedFullSchools","07:50","15:30","07:50","15:30","07:50","15:30","07:50","15:30","07:50","15:30",,,,,"09/05/2024","06/27/2025","531.342069073","0081764","0081764","23C","MULTILINESTRING ((-73.86424055514564 40.74245625017012, -73.86240979499465 40.74288989645415))"
"248","PS14Q Fairview School","VAN DOREN STREET","Queens","OTIS AVENUE","MARTENSE AVENUE","mon,tue,wed,thu,fri","approvedFullSchools","07:30","15:15","07:30","15:15","07:30","15:15","07:30","15:15","07:30","15:15",,,,,"09/05/2024","06/27/2025","466.169604233","0082206","0082206","23C","MULTILINESTRING ((-73.8557235588309 40.7409567072329, -73.85417520017258 40.74045647881646))"
"249","PS14Q Fairview School","OTIS AVENUE","Queens","VAN DOREN STREET","108 STREET","mon,tue,wed,thu,fri","approvedFullSchools","07:30","15:15","07:30","15:15","07:30","15:15","07:30","15:15","07:30","15:15",,,,,"09/05/2024","06/27/2025","256.316805361","0082216","0082216","23C","MULTILINESTRING ((-73.85417520017258 40.74045647881646, -73.85381298690326 40.74110381834262))"
"250","PS 129","9 AVENUE","Queens","128 STREET","129 STREET","mon,tue,wed,thu,fri","approvedFullSchools","07:30","16:30","07:30","04:30","07:30","16:30","07:30","16:30","07:30","16:30",,,,,"03/08/2024","06/27/2025","253.926846929","0084980","0084980","23C","MULTILINESTRING ((-73.83999984516475 40.789251996542895, -73.8390837704842 40.78922065339071))"
"251","Frontline Nutrition Services","BOLTON AVENUE","Bronx","LAFAYETTE AVENUE","STORY AVENUE","sat","approvedFull",,,,,,,,,,,"11:00","18:00",,,"08/03/2024","08/24/2024","811.804700968","0085320","0085320","23C","MULTILINESTRING ((-73.8592616200388 40.82188184533616, -73.85978424897755 40.82407436367841))"
"252","P.S. 83 The Donald Hertz School","RHINELANDER AVENUE","Bronx","BOGART AVENUE","RADCLIFF AVENUE","mon,tue,wed,thu,fri","approvedFullSchools","10:00","14:00","10:00","14:00","10:00","14:00","10:00","14:00","10:00","14:00",,,,,"09/05/2024","06/27/2025","259.942169485","0086350","0086350","23C","MULTILINESTRING ((-73.85942540007598 40.84932393763089, -73.8586172345919 40.849687847720084))"
"253","PS201 Q","155 STREET","Queens","65 AVENUE","DEAD END","mon,tue,wed,thu,fri","approvedFullSchools","07:30","17:30","07:30","17:30","07:30","17:30","07:30","17:30","07:30","17:30",,,,,"02/05/2024","06/28/2024","329.221163277","0090449","0090449","23C","MULTILINESTRING ((-73.81332953570728 40.73710230076491, -73.81338660488946 40.736199713316935))"
"254","P.S. 120 Queens","136 STREET","Queens","58 AVENUE","58 ROAD","mon,tue,wed,thu,fri","approvedFullSchools","08:30","13:45","08:30","13:45","08:30","13:45","08:30","13:45","08:30","13:45",,,,,"01/01/2024","06/27/2025","257.498583692","0091126","0091126","23C","MULTILINESTRING ((-73.82930054634949 40.74563335033671, -73.82941823423873 40.74493227188395))"
"255","Asian American Federation","BARTON AVENUE","Queens","149 PLACE","150 STREET","fri,sat,sun","approvedFull",,,,,,,,,"09:00","23:00","09:00","23:00","09:00","21:00","03/15/2024","11/15/2024","254.18935055","0091686","0091686","23C","MULTILINESTRING ((-73.81501666744683 40.76285047308528, -73.81415161869404 40.76308316747144))"
"256","Merchants of third Avenue Civic improvement assoc, inc","3 AVENUE","Brooklyn","82 STREET","MARINE AVENUE","fri","approvedFull",,,,,,,,,"16:00","22:00",,,,,"07/19/2024","08/02/2024","31.5611405652","0108565","0108565","23C","MULTILINESTRING ((-74.0338657733214 40.61659397090017, -74.03389978904505 40.61651131107101))"
"257","Merchants of third Avenue Civic improvement assoc, inc","3 AVENUE","Brooklyn","82 STREET","MARINE AVENUE","fri","approvedFull",,,,,,,,,"16:00","22:00",,,,,"07/19/2024","08/02/2024","228.271160252","0108566","0108566","23C","MULTILINESTRING ((-74.03389978904505 40.61651131107101, -74.03414586357573 40.615913472483))"
"258","Merchants of third Avenue Civic improvement assoc, inc","3 AVENUE","Brooklyn","82 STREET","MARINE AVENUE","fri","approvedFull",,,,,,,,,"16:00","22:00",,,,,"07/19/2024","08/02/2024","21.8752172395","0108567","0108567","23C","MULTILINESTRING ((-74.03358936528736 40.61727619650952, -74.03361284144368 40.61721888050518))"
"259","Merchants of third Avenue Civic improvement assoc, inc","3 AVENUE","Brooklyn","82 STREET","MARINE AVENUE","fri","approvedFull",,,,,,,,,"16:00","22:00",,,,,"07/19/2024","08/02/2024","238.254060096","0108568","0108568","23C","MULTILINESTRING ((-74.03361284144368 40.61721888050518, -74.0338657733214 40.61659397090017))"
"260","ADDISLEIGH PARK CIVIC ORGANIZATION","110 AVENUE","Queens","180 STREET","DEAD END","mon,tue,wed,thu,fri,sat,sun","approvedFull","10:00","19:00","10:00","19:00","10:00","19:00","10:00","19:00","10:00","19:00","09:00","17:00","12:00","18:00","06/22/2024","11/30/2024","121.790108233","0115945","0115945","23C","MULTILINESTRING ((-73.77395659522011 40.699805780409505, -73.77359394938746 40.69999438291293))"
"261","Addisleigh Park Civic Organization","MURDOCK AVENUE","Queens","180 STREET","DEAD END","mon,tue,wed,thu,fri,sat,sun","approvedFull","09:00","22:00","09:00","22:00","09:00","22:00","09:00","22:00","09:00","22:00","09:00","22:00","09:00","22:00","01/01/2024","12/31/2024","128.750247937","0115951","0115951","23C","MULTILINESTRING ((-73.77034371987644 40.69605956213102, -73.76997093937987 40.696270232619185))"
"262","Kesher Bridging Communities","READS LANE","Queens","CORNAGA AVENUE","MEEHAN AVENUE","fri,sat,sun","approvedLimited",,,,,,,,,"15:30","19:00","08:00","20:00","12:00","16:00","01/01/2024","12/31/2024","228.897636369","0148412","0148412","23C","MULTILINESTRING ((-73.74260909897208 40.60334336728347, -73.74309047992499 40.60385338463328))"
"263","34th Avenue Open Streets Coalition","34 AVENUE","Queens","69 STREET","JUNCTION BOULEVARD","mon,tue,wed,thu,fri,sat,sun","approvedLimited","07:00","20:00","07:00","20:00","07:00","20:00","07:00","20:00","07:00","20:00","07:00","20:00","07:00","20:00","02/01/2024","12/31/2024","33.4216798676","0152516","0152516","23C","MULTILINESTRING ((-73.89715726900846 40.7524569857242, -73.89705160055586 40.75250123316205))"
"264","34th Avenue Open Streets Coalition","34 AVENUE","Queens","69 STREET","JUNCTION BOULEVARD","mon,tue,wed,thu,fri,sat,sun","approvedLimited","07:00","20:00","07:00","20:00","07:00","20:00","07:00","20:00","07:00","20:00","07:00","20:00","07:00","20:00","02/01/2024","12/31/2024","260.039763393","0152873","0152873","23C","MULTILINESTRING ((-73.87572997723949 40.754660509135675, -73.87480201131594 40.754767601078946))"
"265","34th Avenue Open Streets Coalition","34 AVENUE","Queens","69 STREET","JUNCTION BOULEVARD","mon,tue,wed,thu,fri,sat,sun","approvedLimited","07:00","20:00","07:00","20:00","07:00","20:00","07:00","20:00","07:00","20:00","07:00","20:00","07:00","20:00","02/01/2024","12/31/2024","260.45611829","0152936","0152936","23C","MULTILINESTRING ((-73.8803944511152 40.75425746339225, -73.87946297673437 40.754354017289295))"
"266","34th Avenue Open Streets Coalition","34 AVENUE","Queens","69 STREET","JUNCTION BOULEVARD","mon,tue,wed,thu,fri,sat,sun","approvedLimited","07:00","20:00","07:00","20:00","07:00","20:00","07:00","20:00","07:00","20:00","07:00","20:00","07:00","20:00","02/01/2024","12/31/2024","259.343555225","0152950","0152950","23C","MULTILINESTRING ((-73.88132235355795 40.754163627718945, -73.8803944511152 40.75425746339225))"
"267","34th Avenue Open Streets Coalition","34 AVENUE","Queens","69 STREET","JUNCTION BOULEVARD","mon,tue,wed,thu,fri,sat,sun","approvedLimited","07:00","20:00","07:00","20:00","07:00","20:00","07:00","20:00","07:00","20:00","07:00","20:00","07:00","20:00","02/01/2024","12/31/2024","260.207124659","0152970","0152970","23C","MULTILINESTRING ((-73.88316798434425 40.75387809083356, -73.88223775942433 40.75397650546405))"
"268","34th Avenue Open Streets Coalition","34 AVENUE","Queens","69 STREET","JUNCTION BOULEVARD","mon,tue,wed,thu,fri,sat,sun","approvedLimited","07:00","20:00","07:00","20:00","07:00","20:00","07:00","20:00","07:00","20:00","07:00","20:00","07:00","20:00","02/01/2024","12/31/2024","259.755601193","0153051","0153051","23C","MULTILINESTRING ((-73.89246656053848 40.75291120404731, -73.89153637689665 40.75300034744022))"
"269","34th Avenue Open Streets Coalition","34 AVENUE","Queens","69 STREET","JUNCTION BOULEVARD","mon,tue,wed,thu,fri,sat,sun","approvedLimited","07:00","20:00","07:00","20:00","07:00","20:00","07:00","20:00","07:00","20:00","07:00","20:00","07:00","20:00","02/01/2024","12/31/2024","260.769344087","0153059","0153059","23C","MULTILINESTRING ((-73.89619819425857 40.7525931464853, -73.89526532406734 40.75268813393475))"
"270","34th Avenue Open Streets Coalition","34 AVENUE","Queens","69 STREET","JUNCTION BOULEVARD","mon,tue,wed,thu,fri,sat,sun","approvedLimited","07:00","20:00","07:00","20:00","07:00","20:00","07:00","20:00","07:00","20:00","07:00","20:00","07:00","20:00","02/01/2024","12/31/2024","259.984294132","0153067","0153067","23C","MULTILINESTRING ((-73.87574710144773 40.75475528788196, -73.87481744766366 40.754852445544905))"
"271","34th Avenue Open Streets Coalition","34 AVENUE","Queens","69 STREET","JUNCTION BOULEVARD","mon,tue,wed,thu,fri,sat,sun","approvedLimited","07:00","20:00","07:00","20:00","07:00","20:00","07:00","20:00","07:00","20:00","07:00","20:00","07:00","20:00","02/01/2024","12/31/2024","260.793580685","0153113","0153113","23C","MULTILINESTRING ((-73.89432229697792 40.75271152326952, -73.8933897385441 40.75280876509354))"
"272","34th Avenue Open Streets Coalition","34 AVENUE","Queens","69 STREET","JUNCTION BOULEVARD","mon,tue,wed,thu,fri,sat,sun","approvedLimited","07:00","20:00","07:00","20:00","07:00","20:00","07:00","20:00","07:00","20:00","07:00","20:00","07:00","20:00","02/01/2024","12/31/2024","260.541489615","0153144","0153144","23C","MULTILINESTRING ((-73.89155178802983 40.75308442330961, -73.89061993388877 40.753180500633746))"
"273","34th Avenue Open Streets Coalition","34 AVENUE","Queens","69 STREET","JUNCTION BOULEVARD","mon,tue,wed,thu,fri,sat,sun","approvedLimited","07:00","20:00","07:00","20:00","07:00","20:00","07:00","20:00","07:00","20:00","07:00","20:00","07:00","20:00","02/01/2024","12/31/2024","260.478094541","0153179","0153179","23C","MULTILINESTRING ((-73.87852079061304 40.754368346043684, -73.87758913533159 40.75446434429677))"
"274","34th Avenue Open Streets Coalition","34 AVENUE","Queens","69 STREET","JUNCTION BOULEVARD","mon,tue,wed,thu,fri,sat,sun","approvedLimited","07:00","20:00","07:00","20:00","07:00","20:00","07:00","20:00","07:00","20:00","07:00","20:00","07:00","20:00","02/01/2024","12/31/2024","259.352313265","0153243","0153243","23C","MULTILINESTRING ((-73.88130574852767 40.75407217320464, -73.88037843319854 40.75416947630288))"
"275","34th Avenue Open Streets Coalition","34 AVENUE","Queens","69 STREET","JUNCTION BOULEVARD","mon,tue,wed,thu,fri,sat,sun","approvedLimited","07:00","20:00","07:00","20:00","07:00","20:00","07:00","20:00","07:00","20:00","07:00","20:00","07:00","20:00","02/01/2024","12/31/2024","260.008306505","0153280","0153280","23C","MULTILINESTRING ((-73.89526532406734 40.75268813393475, -73.89433755893178 40.75279551848457))"
"276","34th Avenue Open Streets Coalition","34 AVENUE","Queens","69 STREET","JUNCTION BOULEVARD","mon,tue,wed,thu,fri,sat,sun","approvedLimited","07:00","20:00","07:00","20:00","07:00","20:00","07:00","20:00","07:00","20:00","07:00","20:00","07:00","20:00","02/01/2024","12/31/2024","260.511418664","0153286","0153286","23C","MULTILINESTRING ((-73.87853519996877 40.754447460808066, -73.8776051020358 40.75455245779045))"
"277","34th Avenue Open Streets Coalition","34 AVENUE","Queens","69 STREET","JUNCTION BOULEVARD","mon,tue,wed,thu,fri,sat,sun","approvedLimited","07:00","20:00","07:00","20:00","07:00","20:00","07:00","20:00","07:00","20:00","07:00","20:00","07:00","20:00","02/01/2024","12/31/2024","260.213937919","0153306","0153306","23C","MULTILINESTRING ((-73.87758913533159 40.75446434429677, -73.87665879995191 40.75456233465293))"
"278","34th Avenue Open Streets Coalition","34 AVENUE","Queens","69 STREET","JUNCTION BOULEVARD","mon,tue,wed,thu,fri,sat,sun","approvedLimited","07:00","20:00","07:00","20:00","07:00","20:00","07:00","20:00","07:00","20:00","07:00","20:00","07:00","20:00","02/01/2024","12/31/2024","260.808059065","0153320","0153320","23C","MULTILINESTRING ((-73.8961854307138 40.75252296753435, -73.89525205677165 40.75261586524789))"
"279","34th Avenue Open Streets Coalition","34 AVENUE","Queens","69 STREET","JUNCTION BOULEVARD","mon,tue,wed,thu,fri,sat,sun","approvedLimited","07:00","20:00","07:00","20:00","07:00","20:00","07:00","20:00","07:00","20:00","07:00","20:00","07:00","20:00","02/01/2024","12/31/2024","259.867840095","0153364","0153364","23C","MULTILINESTRING ((-73.89060571031546 40.75310226825224, -73.88967658623733 40.75319988040462))"
"280","34th Avenue Open Streets Coalition","34 AVENUE","Queens","69 STREET","JUNCTION BOULEVARD","mon,tue,wed,thu,fri,sat,sun","approvedLimited","07:00","20:00","07:00","20:00","07:00","20:00","07:00","20:00","07:00","20:00","07:00","20:00","07:00","20:00","02/01/2024","12/31/2024","328.582394363","0153365","0153365","23C","MULTILINESTRING ((-73.87388541804204 40.75493958848121, -73.87271067401507 40.75506352077013))"
"281","34th Avenue Open Streets Coalition","34 AVENUE","Queens","69 STREET","JUNCTION BOULEVARD","mon,tue,wed,thu,fri,sat,sun","approvedLimited","07:00","20:00","07:00","20:00","07:00","20:00","07:00","20:00","07:00","20:00","07:00","20:00","07:00","20:00","02/01/2024","12/31/2024","260.273759561","0153388","0153388","23C","MULTILINESTRING ((-73.88690314972068 40.75357486308634, -73.88597226363176 40.75367093888874))"
"282","34th Avenue Open Streets Coalition","34 AVENUE","Queens","69 STREET","JUNCTION BOULEVARD","mon,tue,wed,thu,fri,sat,sun","approvedLimited","07:00","20:00","07:00","20:00","07:00","20:00","07:00","20:00","07:00","20:00","07:00","20:00","07:00","20:00","02/01/2024","12/31/2024","259.673367453","0153518","0153518","23C","MULTILINESTRING ((-73.88597226363176 40.75367093888874, -73.8850428033547 40.75376266725201))"
"283","34th Avenue Open Streets Coalition","34 AVENUE","Queens","69 STREET","JUNCTION BOULEVARD","mon,tue,wed,thu,fri,sat,sun","approvedLimited","07:00","20:00","07:00","20:00","07:00","20:00","07:00","20:00","07:00","20:00","07:00","20:00","07:00","20:00","02/01/2024","12/31/2024","259.817275777","0153542","0153542","23C","MULTILINESTRING ((-73.88409736020752 40.75378285563032, -73.88316798434425 40.75387809083356))"
"284","34th Avenue Open Streets Coalition","34 AVENUE","Queens","69 STREET","JUNCTION BOULEVARD","mon,tue,wed,thu,fri,sat,sun","approvedLimited","07:00","20:00","07:00","20:00","07:00","20:00","07:00","20:00","07:00","20:00","07:00","20:00","07:00","20:00","02/01/2024","12/31/2024","259.686110481","0153546","0153546","23C","MULTILINESTRING ((-73.89248074927131 40.75298960726287, -73.89155178802983 40.75308442330961))"
"285","34th Avenue Open Streets Coalition","34 AVENUE","Queens","69 STREET","JUNCTION BOULEVARD","mon,tue,wed,thu,fri,sat,sun","approvedLimited","07:00","20:00","07:00","20:00","07:00","20:00","07:00","20:00","07:00","20:00","07:00","20:00","07:00","20:00","02/01/2024","12/31/2024","259.891947749","0153552","0153552","23C","MULTILINESTRING ((-73.89061993388877 40.753180500633746, -73.88969104266643 40.75327986821046))"
"286","34th Avenue Open Streets Coalition","34 AVENUE","Queens","69 STREET","JUNCTION BOULEVARD","mon,tue,wed,thu,fri,sat,sun","approvedLimited","07:00","20:00","07:00","20:00","07:00","20:00","07:00","20:00","07:00","20:00","07:00","20:00","07:00","20:00","02/01/2024","12/31/2024","260.510692588","0153555","0153555","23C","MULTILINESTRING ((-73.89153637689665 40.75300034744022, -73.89060571031546 40.75310226825224))"
"287","34th Avenue Open Streets Coalition","34 AVENUE","Queens","69 STREET","JUNCTION BOULEVARD","mon,tue,wed,thu,fri,sat,sun","approvedLimited","07:00","20:00","07:00","20:00","07:00","20:00","07:00","20:00","07:00","20:00","07:00","20:00","07:00","20:00","02/01/2024","12/31/2024","260.222209851","0153615","0153615","23C","MULTILINESTRING ((-73.8776051020358 40.75455245779045, -73.87667506996807 40.754652268523486))"
"288","34th Avenue Open Streets Coalition","34 AVENUE","Queens","69 STREET","JUNCTION BOULEVARD","mon,tue,wed,thu,fri,sat,sun","approvedLimited","07:00","20:00","07:00","20:00","07:00","20:00","07:00","20:00","07:00","20:00","07:00","20:00","07:00","20:00","02/01/2024","12/31/2024","260.492041639","0153655","0153655","23C","MULTILINESTRING ((-73.88502886804369 40.75368580413993, -73.88409736020752 40.75378285563032))"
"289","34th Avenue Open Streets Coalition","34 AVENUE","Queens","69 STREET","JUNCTION BOULEVARD","mon,tue,wed,thu,fri,sat,sun","approvedLimited","07:00","20:00","07:00","20:00","07:00","20:00","07:00","20:00","07:00","20:00","07:00","20:00","07:00","20:00","02/01/2024","12/31/2024","260.197369593","0153669","0153669","23C","MULTILINESTRING ((-73.88688775447339 40.753491793377016, -73.8859568135523 40.75358597793762))"
"290","34th Avenue Open Streets Coalition","34 AVENUE","Queens","69 STREET","JUNCTION BOULEVARD","mon,tue,wed,thu,fri,sat,sun","approvedLimited","07:00","20:00","07:00","20:00","07:00","20:00","07:00","20:00","07:00","20:00","07:00","20:00","07:00","20:00","02/01/2024","12/31/2024","262.31419201","0153679","0153679","23C","MULTILINESTRING ((-73.8850428033547 40.75376266725201, -73.88410673992288 40.75387072746329))"
"291","34th Avenue Open Streets Coalition","34 AVENUE","Queens","69 STREET","JUNCTION BOULEVARD","mon,tue,wed,thu,fri,sat,sun","approvedLimited","07:00","20:00","07:00","20:00","07:00","20:00","07:00","20:00","07:00","20:00","07:00","20:00","07:00","20:00","02/01/2024","12/31/2024","260.439296758","0153690","0153690","23C","MULTILINESTRING ((-73.88037843319854 40.75416947630288, -73.87944713649308 40.754266670516316))"
"292","34th Avenue Open Streets Coalition","34 AVENUE","Queens","69 STREET","JUNCTION BOULEVARD","mon,tue,wed,thu,fri,sat,sun","approvedLimited","07:00","20:00","07:00","20:00","07:00","20:00","07:00","20:00","07:00","20:00","07:00","20:00","07:00","20:00","02/01/2024","12/31/2024","259.822026323","0153700","0153700","23C","MULTILINESTRING ((-73.87667506996807 40.754652268523486, -73.87574710144773 40.75475528788196))"
"293","34th Avenue Open Streets Coalition","34 AVENUE","Queens","69 STREET","JUNCTION BOULEVARD","mon,tue,wed,thu,fri,sat,sun","approvedLimited","07:00","20:00","07:00","20:00","07:00","20:00","07:00","20:00","07:00","20:00","07:00","20:00","07:00","20:00","02/01/2024","12/31/2024","259.308269249","0153734","0153734","23C","MULTILINESTRING ((-73.87944713649308 40.754266670516316, -73.87852079061304 40.754368346043684))"
"294","34th Avenue Open Streets Coalition","34 AVENUE","Queens","69 STREET","JUNCTION BOULEVARD","mon,tue,wed,thu,fri,sat,sun","approvedLimited","07:00","20:00","07:00","20:00","07:00","20:00","07:00","20:00","07:00","20:00","07:00","20:00","07:00","20:00","02/01/2024","12/31/2024","336.033847688","0153765","0153765","23C","MULTILINESTRING ((-73.87387016070036 40.7548552582752, -73.87266966985626 40.754986798244936))"
"295","34th Avenue Open Streets Coalition","34 AVENUE","Queens","69 STREET","JUNCTION BOULEVARD","mon,tue,wed,thu,fri,sat,sun","approvedLimited","07:00","20:00","07:00","20:00","07:00","20:00","07:00","20:00","07:00","20:00","07:00","20:00","07:00","20:00","02/01/2024","12/31/2024","258.019133969","0153786","0153786","23C","MULTILINESTRING ((-73.88410673992288 40.75387072746329, -73.88318405207386 40.75396674396013))"
"296","34th Avenue Open Streets Coalition","34 AVENUE","Queens","69 STREET","JUNCTION BOULEVARD","mon,tue,wed,thu,fri,sat,sun","approvedLimited","07:00","20:00","07:00","20:00","07:00","20:00","07:00","20:00","07:00","20:00","07:00","20:00","07:00","20:00","02/01/2024","12/31/2024","260.793363284","0153802","0153802","23C","MULTILINESTRING ((-73.89433755893178 40.75279551848457, -73.89340443486667 40.75288957211642))"
"297","34th Avenue Open Streets Coalition","34 AVENUE","Queens","69 STREET","JUNCTION BOULEVARD","mon,tue,wed,thu,fri,sat,sun","approvedLimited","07:00","20:00","07:00","20:00","07:00","20:00","07:00","20:00","07:00","20:00","07:00","20:00","07:00","20:00","02/01/2024","12/31/2024","259.289514209","0153810","0153810","23C","MULTILINESTRING ((-73.87946297673437 40.754354017289295, -73.87853519996877 40.754447460808066))"
"298","34th Avenue Open Streets Coalition","34 AVENUE","Queens","69 STREET","JUNCTION BOULEVARD","mon,tue,wed,thu,fri,sat,sun","approvedLimited","07:00","20:00","07:00","20:00","07:00","20:00","07:00","20:00","07:00","20:00","07:00","20:00","07:00","20:00","02/01/2024","12/31/2024","260.201230528","0153853","0153853","23C","MULTILINESTRING ((-73.88318405207386 40.75396674396013, -73.88225301590495 40.754060501373246))"
"299","34th Avenue Open Streets Coalition","34 AVENUE","Queens","69 STREET","JUNCTION BOULEVARD","mon,tue,wed,thu,fri,sat,sun","approvedLimited","07:00","20:00","07:00","20:00","07:00","20:00","07:00","20:00","07:00","20:00","07:00","20:00","07:00","20:00","02/01/2024","12/31/2024","260.561097774","0153867","0153867","23C","MULTILINESTRING ((-73.88223775942433 40.75397650546405, -73.88130574852767 40.75407217320464))"
"300","34th Avenue Open Streets Coalition","34 AVENUE","Queens","69 STREET","JUNCTION BOULEVARD","mon,tue,wed,thu,fri,sat,sun","approvedLimited","07:00","20:00","07:00","20:00","07:00","20:00","07:00","20:00","07:00","20:00","07:00","20:00","07:00","20:00","02/01/2024","12/31/2024","259.947773038","0153880","0153880","23C","MULTILINESTRING ((-73.89525205677165 40.75261586524789, -73.89432229697792 40.75271152326952))"
"301","34th Avenue Open Streets Coalition","34 AVENUE","Queens","69 STREET","JUNCTION BOULEVARD","mon,tue,wed,thu,fri,sat,sun","approvedLimited","07:00","20:00","07:00","20:00","07:00","20:00","07:00","20:00","07:00","20:00","07:00","20:00","07:00","20:00","02/01/2024","12/31/2024","259.807668471","0153916","0153916","23C","MULTILINESTRING ((-73.87665879995191 40.75456233465293, -73.87572997723949 40.754660509135675))"
"302","34th Avenue Open Streets Coalition","34 AVENUE","Queens","69 STREET","JUNCTION BOULEVARD","mon,tue,wed,thu,fri,sat,sun","approvedLimited","07:00","20:00","07:00","20:00","07:00","20:00","07:00","20:00","07:00","20:00","07:00","20:00","07:00","20:00","02/01/2024","12/31/2024","258.485177154","0153949","0153949","23C","MULTILINESTRING ((-73.8933897385441 40.75280876509354, -73.89246656053848 40.75291120404731))"
"303","34th Avenue Open Streets Coalition","34 AVENUE","Queens","69 STREET","JUNCTION BOULEVARD","mon,tue,wed,thu,fri,sat,sun","approvedLimited","07:00","20:00","07:00","20:00","07:00","20:00","07:00","20:00","07:00","20:00","07:00","20:00","07:00","20:00","02/01/2024","12/31/2024","259.654287763","0153952","0153952","23C","MULTILINESTRING ((-73.8859568135523 40.75358597793762, -73.88502886804369 40.75368580413993))"
"304","34th Avenue Open Streets Coalition","34 AVENUE","Queens","69 STREET","JUNCTION BOULEVARD","mon,tue,wed,thu,fri,sat,sun","approvedLimited","07:00","20:00","07:00","20:00","07:00","20:00","07:00","20:00","07:00","20:00","07:00","20:00","07:00","20:00","02/01/2024","12/31/2024","260.568437599","0153965","0153965","23C","MULTILINESTRING ((-73.88225301590495 40.754060501373246, -73.88132235355795 40.754163627718945))"
"305","34th Avenue Open Streets Coalition","34 AVENUE","Queens","69 STREET","JUNCTION BOULEVARD","mon,tue,wed,thu,fri,sat,sun","approvedLimited","07:00","20:00","07:00","20:00","07:00","20:00","07:00","20:00","07:00","20:00","07:00","20:00","07:00","20:00","02/01/2024","12/31/2024","259.797247277","0153969","0153969","23C","MULTILINESTRING ((-73.88781742388635 40.75339868066337, -73.88688775447339 40.753491793377016))"
"306","Middle School 88","18 STREET","Brooklyn","7 AVENUE","6 AVENUE","mon,tue,wed,thu,fri","approvedFullSchools","10:30","13:30","10:30","13:30","10:30","13:30","10:30","13:30","10:30","13:30",,,,,"09/05/2024","06/27/2025","88.1081843402","0162199","0162199","23C","MULTILINESTRING ((-73.98760345301754 40.660401228769715, -73.98744982508757 40.66018957273075))"
"307","PS 118","7 STREET","Brooklyn","4 AVENUE","5 AVENUE","mon,tue,wed,thu,fri","approvedFullSchools","07:30","16:30","07:30","16:30","07:30","16:30","07:30","16:30","07:30","16:30",,,,,"04/17/2024","06/27/2025","773.440445724","0162211","0162211","23C","MULTILINESTRING ((-73.98764894288934 40.671521991372124, -73.98529421367746 40.67038520198739))"
"308","Lower East Side Partnership","ORCHARD STREET","Manhattan","GRAND STREET","DELANCEY STREET","mon,tue,wed,thu,fri,sat,sun","approvedFull","12:00","21:00","12:00","21:00","12:00","21:00","12:00","22:00","12:00","22:00","12:00","22:00","12:00","21:00","02/23/2024","01/31/2025","318.434583757","0164282","0164282","23C","MULTILINESTRING ((-73.99023340438795 40.7181240842832, -73.9898143310417 40.71893787388983))"
"309","Salsa Stories","SUFFOLK STREET","Manhattan","RIVINGTON STREET","DELANCEY STREET","sun","approvedFull",,,,,,,,,,,,,"16:00","19:30","08/11/2024","09/15/2024","478.161184793","0164348","0164348","23C","MULTILINESTRING ((-73.98652333180374 40.718112034659995, -73.9859109239171 40.71933897360241))"
"310","Lower East Side Partnership","ORCHARD STREET","Manhattan","DELANCEY STREET","EAST HOUSTON STREET","sun","approvedFull",,,,,,,,,,,,,"08:00","18:00","02/04/2024","01/26/2025","457.967983705","0164369","0164369","23C","MULTILINESTRING ((-73.9885225217559 40.721461521751834, -73.98790241273662 40.72262663648754))"
"311","The Buckley School","EAST 73 STREET","Manhattan","LEXINGTON AVENUE","PARK AVENUE","mon,tue,wed,thu,fri","approvedFullSchools","09:00","14:00","09:00","14:00","09:00","14:00","09:00","14:00","09:00","14:00",,,,,"07/01/2024","06/27/2025","476.874610857","0165998","0165998","23C","MULTILINESTRING ((-73.9632139725931 40.77174036980928, -73.96170832767773 40.77110558281828))"
"312","The Allen-Stevenson School","EAST 78 STREET","Manhattan","PARK AVENUE","LEXINGTON AVENUE","mon,tue,wed,thu,fri","approvedFullSchools","07:30","15:30","07:30","15:30","07:30","15:30","07:30","15:30","07:30","15:30",,,,,"09/05/2024","06/27/2025","477.36020476","0166020","0166020","23C","MULTILINESTRING ((-73.96090437938227 40.774909028553004, -73.95939395625123 40.77427796511495))"
"313","The Dalton School","EAST 91 STREET","Manhattan","PARK AVENUE","MADISON AVENUE","mon,tue,wed,thu,fri","approvedFullSchools","10:30","14:00","10:30","14:00","10:30","14:00","10:30","14:00","10:30","14:00",,,,,"09/05/2024","06/27/2025","476.087224304","0166061","0166061","23C","MULTILINESTRING ((-73.95648701141026 40.784044551371665, -73.95498705345706 40.783406068957426))"
"314","Uptown Grand Central","EAST 101 STREET","Manhattan","PARK AVENUE","LEXINGTON AVENUE","sat","approvedFull",,,,,,,,,,,"12:00","20:00",,,"05/18/2024","06/29/2024","471.141559405","0166118","0166118","23C","MULTILINESTRING ((-73.95009123554955 40.78968413911938, -73.94860467689013 40.78905508931298))"
"315","Morningside Area Alliance","LA SALLE STREET","Manhattan","CLAREMONT AVENUE","BROADWAY","thu","approvedFull",,,,,,,"15:30","21:00",,,,,,,"05/02/2024","10/31/2024","281.667073568","0166337","0166337","23C","MULTILINESTRING ((-73.95979225988911 40.8138234742671, -73.96069039830704 40.814186868065114))"
"316","120 Marcus Meets Malcolm, Inc","WEST 120 STREET","Manhattan","LENOX AVENUE","MOUNT MORRIS PARK WEST","mon,tue,wed,thu,fri,sat,sun","approvedLimited","10:00","20:00","10:00","20:00","10:00","20:00","10:00","20:00","10:00","22:00","10:00","22:00","10:00","20:00","02/01/2024","01/31/2025","504.450638949","0166536","0166536","23C","MULTILINESTRING ((-73.94613131009999 40.803877357760584, -73.94772447951024 40.804549295957116))"
"317","The Police Athletic League","WEST 124 STREET","Manhattan","MOUNT MORRIS PARK WEST","LENOX AVENUE","mon,tue,wed,thu","approvedFull","11:00","16:00","11:00","16:00","11:00","16:00","11:00","16:00",,,,,,,"07/08/2024","08/22/2024","504.293556802","0166556","0166556","23C","MULTILINESTRING ((-73.94430194558471 40.806390823697086, -73.94589436249717 40.80706298554174))"
"318","P.S. 176 The Cambria Heights School","235 STREET","Queens","120 AVENUE","121 AVENUE","mon,tue,wed,thu,fri","approvedFullSchools","07:30","15:00","07:30","15:00","07:30","15:00","07:30","15:00","07:30","15:00",,,,,"09/05/2024","06/27/2025","636.170494076","0171853","0171853","23C","MULTILINESTRING ((-73.72960505858767 40.68624978661051, -73.7304396947666 40.68462333808105))"
"319","NYC DoE - Community Health Academy of the Heights","WEST 158 STREET","Manhattan","BROADWAY","AMSTERDAM AVENUE","mon,tue,wed,thu,fri","approvedFullSchools","11:30","14:00","11:30","14:00","11:30","14:00","11:30","14:00","11:00","13:15",,,,,"09/05/2024","06/27/2025","865.626574327","0173647","0173647","23C","MULTILINESTRING ((-73.9415772405953 40.83348746649055, -73.94431628874683 40.83463503368559))"
"320","NYCDOE Mosaic 3K/Pre-k Center 24Q331 @ Q364","41 AVENUE","Queens","75 STREET","76 STREET","wed,fri","approvedFullSchools",,,,,"08:30","11:30",,,"08:30","11:30",,,,,"09/05/2024","06/27/2025","251.105427754","0175287","0175287","23C","MULTILINESTRING ((-73.89015144589978 40.74530813979632, -73.88925529154983 40.745410560789104))"
"321","PS 330Q Helen M. Marshall","110 STREET","Queens","34 AVENUE","NORTHERN BOULEVARD","mon,tue,wed,thu,fri","approvedFullSchools","07:15","14:30","07:15","14:30","07:15","14:30","07:15","14:30","07:15","14:30",,,,,"09/05/2024","06/27/2025","526.14459784","0177513","0177513","23C","MULTILINESTRING ((-73.85951332469818 40.75787858993161, -73.85882008495498 40.75653410703088))"
"322","P.S. 28Q The Thomas Emanuel Early Childhood Center","47 AVENUE","Queens","109 STREET","111 STREET","mon,tue,wed,thu,fri","approvedFullSchools","07:00","15:00","07:00","15:00","07:00","15:00","07:00","15:00","07:00","15:00",,,,,"09/05/2024","06/27/2025","436.778377202","0177538","0177538","23C","MULTILINESTRING ((-73.85515353957521 40.747038273798104, -73.85368224705618 40.74746858573717))"
"323","PS143Q The Louis Armstrong Elementary School","113 STREET","Queens","34 AVENUE","37 AVENUE","mon,tue,wed,thu,fri","approvedFullSchools","07:55","14:30","07:55","14:30","07:55","14:30","07:55","14:30","07:55","14:30",,,,,"09/05/2024","06/27/2025","922.08027428","0177544","0177544","23C","MULTILINESTRING ((-73.85601772284632 40.757029924186305, -73.85477642117732 40.75468165973262))"
"324","Chinatown District Management Association, Inc. (aka Chinatown BID)","PELL STREET","Manhattan","MOTT STREET","BOWERY","sat,sun","approvedFull",,,,,,,,,,,"09:00","23:00","09:00","21:00","04/01/2024","10/31/2024","251.133805879","0251997","0251997","23C","MULTILINESTRING ((-73.99716462447765 40.714634224037106, -73.99803530495666 40.71482456235062))"
"325","Von Design Limited","BLEECKER STREET","Manhattan","MOTT STREET","BOWERY","wed,thu,fri,sat,sun","approvedFull",,,,,"17:00","23:00","17:00","23:00","17:00","23:00","11:00","23:00","11:00","23:00","04/01/2024","10/31/2024","224.321919467","0275232","0275232","23C","MULTILINESTRING ((-73.99227762101506 40.72524926807425, -73.99304198121565 40.72545161616486))"
"326","il Buco","BOND STREET","Manhattan","LAFAYETTE STREET","BOWERY","mon,tue,wed,thu,fri,sat,sun","approvedFull","16:30","23:00","16:30","23:00","16:30","23:00","16:30","23:00","16:30","23:00","10:00","23:00","10:00","23:00","04/01/2024","10/31/2024","655.012473623","0275233","0275233","23C","MULTILINESTRING ((-73.99412963258047 40.726639637213935, -73.99213361907887 40.725677139708125))"
"327","Hudson Yards Hell's Kitchen Alliance","HUDSON BOULEVARD EAST","Manhattan","WEST 35 STREET","WEST 36 STREET","mon,tue,wed,thu,fri,sat","approvedLimited","08:00","18:00","08:00","18:00","08:00","18:00","08:00","18:00","08:00","18:00","08:00","18:00",,,"05/01/2024","11/02/2024","256.005732973","0276240","0276240","23C","MULTILINESTRING ((-73.99995867710625 40.755799676680915, -73.99946001417979 40.75639124788916))"
"328","Boriken Neighborhood Health Center/ East Harlem Council for Human Services, Inc.","EAST 123 STREET","Manhattan","2 AVENUE","3 AVENUE","fri","approvedFull",,,,,,,,,"10:00","16:00",,,,,"07/12/2024","08/30/2024","708.373491968","0287474","0287474","23C","MULTILINESTRING ((-73.93676968378777 40.80239634306305, -73.93453295745067 40.801452226865855))"
"329","Kettle of Fish","CHRISTOPHER STREET","Manhattan","WAVERLY PLACE","7 AVENUE SOUTH","fri,sat,sun","approvedFull",,,,,,,,,"17:00","23:00","12:00","23:00","12:00","23:00","04/12/2024","04/11/2025","445.020135943","0032213","0032236","23C","MULTILINESTRING ((-74.0026600259461 40.73364649644143, -74.00278641410671 40.73363250856266), (-74.00175809764825 40.733768243519144, -74.0026600259461 40.73364649644143), (-74.00120475952991 40.73384309185945, -74.00175809764825 40.733768243519144))"
"330","PS 109 Sedgwick School","PALISADE PLACE","Bronx","POPHAM AVENUE","POPHAM AVENUE","mon","approvedFullSchools","07:30","16:30",,,,,,,,,,,,,"09/05/2024","06/27/2025","496.892130573","0071913","0113093","23C","MULTILINESTRING ((-73.91832575515636 40.85154322578223, -73.91819882014791 40.85181870434753), (-73.91819882014791 40.85181870434753, -73.91863790511044 40.852381966271835), (-73.91863790511044 40.852381966271835, -73.91883794737883 40.85277077739181))"
"331","Thomas A. Edison CTE High School","84 AVENUE","Queens","168 STREET","164 PLACE","mon,tue,wed,thu,fri","approvedFullSchools","07:30","16:30","07:30","16:30","07:30","16:30","07:30","16:30","07:30","16:30",,,,,"09/05/2024","06/27/2025","1202.67374249","0117728","0106623","23C","MULTILINESTRING ((-73.801570243488 40.715203773156105, -73.79958920258824 40.71549416981037), (-73.79958920258824 40.71549416981037, -73.79943243098079 40.715539381684316), (-73.79943243098079 40.715539381684316, -73.79928191747227 40.71559717541208), (-73.79928191747227 40.71559717541208, -73.79914023277611 40.71566669101113), (-73.7976219215303 40.71590108291696, -73.79748433578536 40.71578931248363), (-73.79914023277611 40.71566669101113, -73.79900962922983 40.71574668973874), (-73.79900962922983 40.71574668973874, -73.7988908504728 40.71581428190115), (-73.7988908504728 40.71581428190115, -73.79875653713037 40.71586844715929), (-73.79875653713037 40.71586844715929, -73.79861091106275 40.71590635622978), (-73.79861091106275 40.71590635622978, -73.79845924411711 40.715926298319864), (-73.79845924411711 40.715926298319864, -73.79830725403366 40.715927842171794), (-73.79830725403366 40.715927842171794, -73.79816040582693 40.71591194290379), (-73.79816040582693 40.71591194290379, -73.7976219215303 40.71590108291696))"
"332","The Willowtown Assocation","JORALEMON STREET","Brooklyn","HICKS STREET","FURMAN STREET","mon,tue,wed,thu,fri,sat,sun","approvedLimited","08:00","21:00","08:00","21:00","08:00","21:00","08:00","09:00","08:00","21:00","08:00","21:00","08:00","21:00","04/15/2024","10/31/2024","262.951509731","0162464","0162461","23C","MULTILINESTRING ((-73.99907181657612 40.6938511393489, -73.9983102567652 40.693730695205026), (-73.99923561743012 40.69388638662395, -73.99920975475816 40.69388001081876), (-73.99913183431677 40.69386102744774, -73.99907181657612 40.6938511393489), (-73.99920975475816 40.69388001081876, -73.99913183431677 40.69386102744774))"
"333","North Brooklyn Open Streets Community Coalition (NBK OSCC)","BERRY STREET","Brooklyn","BROADWAY","NORTH 12 STREET","mon,tue,wed,thu,fri,sat,sun","approvedLimited","08:00","20:00","08:00","20:00","08:00","20:00","08:00","20:00","08:00","20:00","08:00","20:00","08:00","20:00","02/01/2024","12/31/2024","270.117672035","0238989","0256728","23C","MULTILINESTRING ((-73.96521646447329 40.71126056666808, -73.96536909885948 40.711006113010924), (-73.96516417342717 40.711347747320005, -73.96521646447329 40.71126056666808), (-73.96499333080433 40.71162193165405, -73.96504618959372 40.71153841453307), (-73.96495778319382 40.71167810280659, -73.96499333080433 40.71162193165405), (-73.96510643529771 40.71143428783414, -73.96516417342717 40.711347747320005), (-73.96504618959372 40.71153841453307, -73.96510643529771 40.71143428783414))"
"334","Staten Island Chamber of Commerce Foundation Inc. / The Angiuli Group, LLC","MINTHORNE STREET","Staten Island","BAY STREET","VICTORY BOULEVARD","fri,sat","approvedFull",,,,,,,,,"16:00","00:00","11:00","00:00",,,"04/19/2024","10/31/2024","570.65356566","0016424","0229193","23C","MULTILINESTRING ((-74.07556065573438 40.63674439837296, -74.07617948713154 40.63656179791704), (-74.07532908811164 40.63763885315988, -74.07556065573438 40.63674439837296), (-74.07529215391295 40.63778525762714, -74.07532908811164 40.63763885315988))"
"335","Meatpacking District Management Association","9 AVENUE","Manhattan","WEST 14 STREET","WEST 15 STREET","mon,tue,wed,thu,fri,sat,sun","approvedFull","00:01","23:59","00:01","23:59","00:01","23:59","00:01","23:59","00:01","23:59","00:01","23:59","00:01","23:59","04/01/2024","12/31/2024","288.368092098","0271233","0271929","23C","MULTILINESTRING ((-74.00544214819755 40.740982140477406, -74.00538904476784 40.74105579004865), (-74.00538904476784 40.74105579004865, -74.00515888286897 40.7413711257545), (-74.00515888286897 40.7413711257545, -74.00493759875863 40.74167438210512))"
"336","Lenape Bloemendael DMA dba Columbus Amsterdam Business Improvement District","AMSTERDAM AVENUE","Manhattan","WEST 106 STREET","CATHEDRAL PARKWAY","sat,sun","approvedFull",,,,,,,,,,,"11:00","19:00","12:00","18:00","04/20/2024","11/10/2024","281.305654292","0294458","0294461","23C","MULTILINESTRING ((-73.96571058656656 40.80043706983051, -73.96543604966564 40.80081200971303), (-73.96543604966564 40.80081200971303, -73.96540460696797 40.80085470374992), (-73.96540460696797 40.80085470374992, -73.9652151143523 40.8011111502897))"
"337","Saint David's School","EAST 89 STREET","Manhattan","5 AVENUE","MADISON AVENUE","mon,tue,wed,thu,fri","approvedFullSchools","10:00","14:00","10:00","14:00","10:00","14:00","10:00","14:00","10:00","14:00",,,,,"07/01/2024","06/27/2025","507.995575908","0301963","0301958","23C","MULTILINESTRING ((-73.95764535429892 40.78289087935332, -73.95740399322997 40.7827900233548), (-73.95785462981371 40.78297691166366, -73.95764535429892 40.78289087935332), (-73.95901176689073 40.783461284719465, -73.95785462981371 40.78297691166366))"
"338","Manhattan Day School","WEST 75 STREET","Manhattan","WEST END AVENUE","RIVERSIDE DRIVE","mon,tue,wed,thu,fri","approvedFullSchools","10:00","15:45","10:00","15:45","10:00","15:45","10:00","15:45","10:00","13:45",,,,,"09/05/2024","06/27/2025","543.967906417","0301989","0301984","23C","MULTILINESTRING ((-73.98306206521265 40.781757615991886, -73.98346365931796 40.781931800735855), (-73.98346365931796 40.781931800735855, -73.98365415286847 40.78201162587241), (-73.98365415286847 40.78201162587241, -73.9847788908747 40.782482925994884))"
"339","PS 421M West Prep Academy, NYCPS","WEST 108 STREET","Manhattan","AMSTERDAM AVENUE","BROADWAY","mon,tue,wed,thu,fri","approvedFullSchools","08:00","15:00","08:00","15:00","08:00","15:00","08:00","15:00","08:00","15:00",,,,,"09/05/2024","06/27/2025","866.629855312","0310072","0309981","23C","MULTILINESTRING ((-73.96475930379877 40.80174161330698, -73.96673033268226 40.80257167469008), (-73.96673033268226 40.80257167469008, -73.96722228303508 40.80277884210653), (-73.96722228303508 40.80277884210653, -73.96749723013971 40.80289462414988))"
"340","Community League of the Heights (CLOTH)","WEST 159 STREET","Manhattan","BROADWAY","AMSTERDAM AVENUE","mon,tue,wed,thu,fri","approvedFull","08:00","16:00","08:00","16:00","08:00","16:00","08:00","16:00","08:00","16:00",,,,,"07/08/2024","08/16/2024","869.122113658","0310596","0310591","23C","MULTILINESTRING ((-73.941118195768 40.83411376101075, -73.94310089025379 40.834945327999016), (-73.94310089025379 40.834945327999016, -73.94324363370166 40.83500519384823), (-73.94324363370166 40.83500519384823, -73.94386764907583 40.83526690009075))"
"341","Loisaida Open Streets Community Coalition","AVENUE B","Manhattan","EAST 7 STREET","EAST 10 STREET","mon,tue,wed,thu,fri,sat,sun","approvedLimited","08:00","20:00","08:00","20:00","08:00","20:00","08:00","20:00","08:00","20:00","08:00","20:00","08:00","20:00","02/01/2024","01/31/2025","249.162132505","0313631","0313628","23C","MULTILINESTRING ((-73.98075774655966 40.72567760878272, -73.98060768248618 40.72589054588949), (-73.98060768248618 40.72589054588949, -73.98052809695857 40.72600347519977), (-73.98052809695857 40.72600347519977, -73.98033298291035 40.726280335947244))"
"342","PS 28 Mount Hope","MOUNT HOPE PLACE","Bronx","MONROE AVENUE","ANTHONY AVENUE","fri","approvedFullSchools",,,,,,,,,"10:00","14:00",,,,,"09/05/2024","06/27/2025","708.662417372","0314068","0314041","23C","MULTILINESTRING ((-73.90481117697186 40.84815375998841, -73.90356494855868 40.84790773690447), (-73.90604399799986 40.84839712022877, -73.90542700604423 40.848275327818975), (-73.90489574472834 40.848170453732436, -73.90481117697186 40.84815375998841), (-73.90514454019545 40.848219567930016, -73.90489574472834 40.848170453732436), (-73.90542700604423 40.848275327818975, -73.90514454019545 40.848219567930016))"
"343","IS 117: Joseph H. Wade School","MORRIS AVENUE","Bronx","MOUNT HOPE PLACE","EAST 176 STREET","mon,tue,wed,thu,fri","approvedFullSchools","14:00","15:00","14:00","15:00","14:00","15:00","14:00","15:00","14:00","15:00",,,,,"09/05/2024","06/27/2025","310.145278233","0314086","0314091","23C","MULTILINESTRING ((-73.9085812972093 40.8480225009304, -73.90850187514415 40.84825852277129), (-73.90850187514415 40.84825852277129, -73.90846908856544 40.848355956156716), (-73.90846908856544 40.848355956156716, -73.90830376225485 40.84884725777419))"
"344","Community League of the Heights (CLOTH)","WEST 164 STREET","Manhattan","AMSTERDAM AVENUE","EDGECOMBE AVENUE","mon,tue,wed,thu,fri","approvedFull","08:00","16:00","08:00","16:00","08:00","16:00","08:00","16:00","08:00","16:00",,,,,"07/08/2024","08/16/2024","573.977537296","9000031","0329306","23C","MULTILINESTRING ((-73.93702354051005 40.83646894751916, -73.93748948008148 40.836664119220444), (-73.93748948008148 40.836664119220444, -73.93794638058752 40.8368555011936), (-73.93794638058752 40.8368555011936, -73.93800478311665 40.83687996480217), (-73.93831835744732 40.837011310578276, -73.93883989883555 40.8372297617786), (-73.93814812946724 40.836940008356265, -73.93820768533706 40.836964954244436), (-73.93820768533706 40.836964954244436, -73.93831835744732 40.837011310578276), (-73.93800478311665 40.83687996480217, -73.93808619496552 40.83691406611457), (-73.93808619496552 40.83691406611457, -73.93814812946724 40.836940008356265))"
"345","Flatbush Development Corporation","NEWKIRK AVENUE","Brooklyn","EAST 17 STREET","CONEY ISLAND AVENUE","sun","approvedFull",,,,,,,,,,,,,"11:00","20:00","05/19/2024","07/15/2024","284.447720093","0346631","0346619","23C","MULTILINESTRING ((-73.9633486533201 40.63551807467684, -73.96308759779865 40.63564288955836), (-73.96277454673496 40.63579256296198, -73.96248058882877 40.63593310417654), (-73.96308759779865 40.63564288955836, -73.96285500622159 40.63575409539561), (-73.96285500622159 40.63575409539561, -73.96277454673496 40.63579256296198))"
"346","Family Unity in Our Community Incorporated","109 AVENUE","Queens","159 STREET","160 STREET","sat","approvedFull",,,,,,,,,,,"11:00","16:00",,,"07/13/2024","08/24/2024","242.384532188","9000677","9000670","23C","MULTILINESTRING ((-73.79289164566032 40.693789572308674, -73.79282746388795 40.693817124222306), (-73.79282746388795 40.693817124222306, -73.79278144930689 40.69383687703082), (-73.79264912627994 40.69389368094267, -73.79260253109561 40.69391368207631), (-73.79260253109561 40.69391368207631, -73.79213031298069 40.694116392508654), (-73.79278144930689 40.69383687703082, -73.79273927665422 40.693854980692315), (-73.79273927665422 40.693854980692315, -73.79269115208054 40.69387564008576), (-73.79269115208054 40.69387564008576, -73.79264912627994 40.69389368094267))"
"347","PS 64M Robert Simon School","EAST 5 STREET","Manhattan","AVENUE C","DEAD END","mon,tue,wed,thu,fri","approvedFullSchools","10:00","13:00","10:00","13:00","10:00","13:00","10:00","13:00","10:00","13:00",,,,,"09/05/2024","06/27/2025","545.983921919","9000788","9000772","23C","MULTILINESTRING ((-73.98053381372345 40.72324120928106, -73.97972660697124 40.72289059713353), (-73.9805738638572 40.72325860488087, -73.98053381372345 40.72324120928106), (-73.98060741670409 40.72327317807671, -73.9805738638572 40.72325860488087), (-73.98076612869687 40.7233421134748, -73.98072680985494 40.72332503504384), (-73.98068769932556 40.7233080484863, -73.98064905155748 40.723291261906304), (-73.98064905155748 40.723291261906304, -73.98060741670409 40.72327317807671), (-73.98072680985494 40.72332503504384, -73.98068769932556 40.7233080484863), (-73.98097001585082 40.72343066832148, -73.9809332212786 40.72341468719872), (-73.98113038547811 40.72350032119575, -73.98108619521301 40.72348112859408), (-73.98143721969058 40.72363358971831, -73.98113038547811 40.72350032119575), (-73.98104708568403 40.72346414215915, -73.98101006621253 40.723448062868535), (-73.98101006621253 40.723448062868535, -73.98097001585082 40.72343066832148), (-73.98108619521301 40.72348112859408, -73.98104708568403 40.72346414215915), (-73.98088901692553 40.72339548731473, -73.98085130992587 40.72337910979022), (-73.9809332212786 40.72341468719872, -73.98088901692553 40.72339548731473), (-73.98080801808555 40.723360307151374, -73.98076612869687 40.7233421134748), (-73.98085130992587 40.72337910979022, -73.98080801808555 40.723360307151374))"
"348","Middle School 390","ANDREWS AVENUE SOUTH","Bronx","WEST BURNSIDE AVENUE","WEST 179 STREET","mon,tue,wed,thu,fri","approvedFullSchools","07:30","16:30","07:30","16:30","07:30","16:30","07:30","16:30","07:30","16:30",,,,,"09/05/2024","06/27/2025","608.928802514","0111576","0111575","23C","MULTILINESTRING ((-73.91384894907132 40.85381088340412, -73.91383248836343 40.85392963693535), (-73.91383248836343 40.85392963693535, -73.91276117700986 40.855251293469074))"
"349","West 111th Street Block Association","AMSTERDAM AVENUE","Manhattan","CATHEDRAL PARKWAY","WEST 111 STREET","sat,sun","approvedFull",,,,,,,,,,,"10:00","00:00","10:00","00:00","03/16/2024","12/29/2024","272.883111581","0223272","0223271","23C","MULTILINESTRING ((-73.9638612634734 40.80297203811611, -73.96367946999935 40.80322199816941), (-73.96367946999935 40.80322199816941, -73.96338788813422 40.80362899260187))"
"350","PS 146 Brooklyn New School","RAPELYE STREET","Brooklyn","HICKS STREET","HENRY STREET","mon,tue,wed,thu,fri","approvedFullSchools","07:30","15:00","07:30","15:00","07:30","15:00","07:30","15:00","07:30","15:00",,,,,"09/05/2024","06/27/2025","459.600353601","0021963","0021949","23C","MULTILINESTRING ((-74.00213829434544 40.68034636463283, -74.0013398065458 40.68012115807065), (-74.00289363583705 40.68055940979809, -74.00213829434544 40.68034636463283))"
"351","Uptown & Boogie Healthy Project","EAST 212 STREET","Bronx","WHITE PLAINS ROAD","WHITE PLAINS ROAD","sat","approvedFull",,,,,,,,,,,"09:00","15:00",,,"06/01/2024","11/24/2024","76.9229923148","0178432","0178431","23C","MULTILINESTRING ((-73.86577049477033 40.87855967937995, -73.86557417302413 40.87849715240446), (-73.86583214270105 40.87857592743353, -73.86577049477033 40.87855967937995))"
"352","Kesher Bridging Communities","READS LANE","Queens","CORNAGA AVENUE","MEEHAN AVENUE","fri,sat,sun","approvedLimited",,,,,,,,,"15:30","19:00","08:00","20:00","12:00","16:00","01/01/2024","12/31/2024","180.151392773","0148409","0153707","23C","MULTILINESTRING ((-73.74230717277551 40.60292487280612, -73.74228813155858 40.60297571972983), (-73.74228813155858 40.60297571972983, -73.74260909897208 40.60334336728347))"
"353","The École","EAST 22 STREET","Manhattan","PARK AVENUE SOUTH","LEXINGTON AVENUE","mon,tue,wed,thu,fri","approvedFullSchools","09:30","14:00","09:30","14:00","09:30","14:00","09:30","14:00","09:30","14:00",,,,,"06/30/2024","06/27/2025","489.022201213","0032998","0164402","23C","MULTILINESTRING ((-73.98647195032133 40.7393628208867, -73.98523224580666 40.73884023023446), (-73.98677423740972 40.73949289826164, -73.98647195032133 40.7393628208867))"
"354","The Brooklyn Bazaar Festival Inc.","LEXINGTON AVENUE","Brooklyn","CLASSON AVENUE","GRAND AVENUE","sat,sun","approvedFull",,,,,,,,,,,"14:00","22:00","14:00","22:00","05/25/2024","10/26/2024","794.131025284","0127508","0127507","23C","MULTILINESTRING ((-73.96239800416481 40.68635201823291, -73.96207233324401 40.686390057115375), (-73.96207233324401 40.686390057115375, -73.95956770229138 40.686682555691625))"
"355","Middle School 88","18 STREET","Brooklyn","7 AVENUE","6 AVENUE","mon,tue,wed,thu,fri","approvedFullSchools","10:30","13:30","10:30","13:30","10:30","13:30","10:30","13:30","10:30","13:30",,,,,"09/05/2024","06/27/2025","98.2197082761","0144768","0144769","23C","MULTILINESTRING ((-73.98735174565768 40.6603871893319, -73.98725068956914 40.66037895646036), (-73.98760345301754 40.660401228769715, -73.98735174565768 40.6603871893319))"
"356","Meatpacking District Management Association","GANSEVOORT STREET","Manhattan","HUDSON STREET","10 AVENUE","wed,thu,fri,sat,sun","approvedFull",,,,,"14:00","22:00","14:00","22:00","14:00","22:00","12:00","22:00","12:00","22:00","04/01/2024","12/31/2024","293.76000518","0032024","0032032","23C","MULTILINESTRING ((-74.00591813957394 40.73941673738073, -74.00645011832746 40.739404029671704), (-74.00539035974165 40.739411972593935, -74.00591813957394 40.73941673738073))"
"357","Bridge Street Development Corporation","TOMPKINS AVENUE","Brooklyn","GATES AVENUE","HALSEY STREET","sun","approvedFull",,,,,,,,,,,,,"11:00","20:00","06/02/2024","10/27/2024","270.084559402","0219673","0219672","23C","MULTILINESTRING ((-73.94395975877131 40.6835851332385, -73.94389115009261 40.68323948337466), (-73.94403664799397 40.68397248267725, -73.94395975877131 40.6835851332385))"
"358","City-As School: High School M560","CLARKSON STREET","Manhattan","VARICK STREET","HUDSON STREET","mon,tue,wed,thu,fri","approvedFullSchools","10:30","15:00","10:30","15:00","10:30","15:00","10:30","15:00","10:30","15:00",,,,,"09/05/2024","06/27/2025","513.176058027","0031926","0321023","23C","MULTILINESTRING ((-74.00517157395001 40.729447210231385, -74.00542391483259 40.72933985259675), (-74.00542391483259 40.72933985259675, -74.00697298804742 40.72949498987247))"
"359","Downtown Brooklyn Partnership","PEARL STREET","Brooklyn","FULTON STREET","DEAD END","mon,tue,wed,thu,fri","approvedFull","07:00","17:00","07:00","17:00","07:00","17:00","07:00","17:00","07:00","17:00",,,,,"01/02/2024","12/31/2024","172.722512592","0334966","0334965","23C","MULTILINESTRING ((-73.9882258081034 40.691848638458644, -73.9882095590922 40.69180575436464), (-73.98818594311793 40.69227701651294, -73.9882258081034 40.691848638458644))"
"360","PS3 Charrette School","GROVE STREET","Manhattan","HUDSON STREET","BEDFORD STREET","mon,tue,wed,thu,fri","approvedFullSchools","08:00","15:30","08:00","15:30","08:00","15:30","08:00","15:30","08:00","15:30",,,,,"09/05/2024","06/27/2025","292.843963061","0031972","0031964","23C","MULTILINESTRING ((-74.00650135334578 40.7324258750768, -74.00579422084894 40.73237233259095), (-74.00579422084894 40.73237233259095, -74.00546283761398 40.732448063517836))"
"361","Youth Ministries for Peace and Justice, Inc.","HARROD PLACE","Bronx","WESTCHESTER AVENUE","MORRISON AVENUE","sat","approvedFull",,,,,,,,,,,"10:00","17:00",,,"05/11/2024","11/02/2024","413.279466827","0079443","0079333","23C","MULTILINESTRING ((-73.8744376980946 40.829047266362274, -73.87363397239272 40.829275825801574), (-73.87363397239272 40.829275825801574, -73.87372870269583 40.82975288615028))"
"362","SONNYBOY","RIVINGTON STREET","Manhattan","ALLEN STREET","ALLEN STREET","tue,wed,thu,fri,sat,sun","approvedFull",,,"16:45","23:00","16:45","23:00","10:00","23:00","10:00","23:45","10:00","23:45","10:00","23:00","03/01/2024","11/30/2024","80.5568056913","0164352","0164351","23C","MULTILINESTRING ((-73.98972000093538 40.720478584578224, -73.98958546988145 40.72043681585418), (-73.98985454399376 40.72052035314593, -73.98972000093538 40.720478584578224))"
"363","Middle School 88","18 STREET","Brooklyn","7 AVENUE","6 AVENUE","mon,tue,wed,thu,fri","approvedFullSchools","10:30","13:30","10:30","13:30","10:30","13:30","10:30","13:30","10:30","13:30",,,,,"09/05/2024","06/27/2025","707.713040466","0162198","0022566","23C","MULTILINESTRING ((-73.98787862270379 40.66073444017211, -73.98760345301754 40.660401228769715), (-73.98947000090756 40.66169904088226, -73.98787862270379 40.66073444017211))"
"364","Friends of Cooper Park","MASPETH AVENUE","Brooklyn","HUMBOLDT STREET","WOODPOINT ROAD","sat","approvedFull",,,,,,,,,,,"07:00","19:00",,,"05/25/2024","06/15/2024","177.374208796","0284633","0284632","23C","MULTILINESTRING ((-73.94273549727382 40.7148678443723, -73.94258994583357 40.71487728577395), (-73.94258994583357 40.71487728577395, -73.94216076916554 40.715063047985616))"
"365","Cervo's","CANAL STREET","Manhattan","ESSEX STREET","ORCHARD STREET","mon,tue,wed,thu,fri,sat,sun","approvedFull","15:00","23:00","15:00","23:00","15:00","23:00","15:00","23:00","15:00","23:00","15:00","23:00","15:00","23:00","04/01/2024","11/29/2024","270.6685317","0024166","0024172","23C","MULTILINESTRING ((-73.99022012638989 40.71440494010891, -73.99075515363099 40.71455407281732), (-73.99075515363099 40.71455407281732, -73.99113282082077 40.714668629435394))"
"366","The Dock Street School for STEAM Studies","DOCK STREET","Brooklyn","FRONT STREET","WATER STREET","mon,tue,wed,thu,fri","approvedFullSchools","11:15","12:45","11:15","12:45","11:15","12:45","11:15","12:45","11:15","12:45",,,,,"09/05/2024","06/27/2025","256.51755163","0162663","0162662","23C","MULTILINESTRING ((-73.99257265019506 40.70278102167554, -73.99250677311387 40.70261188328388), (-73.99254747050486 40.70330834171033, -73.99257265019506 40.70278102167554))"
"367","Loisaida Open Streets Community Coalition","AVENUE B","Manhattan","EAST 7 STREET","EAST 10 STREET","mon,tue,wed,thu,fri,sat,sun","approvedLimited","08:00","20:00","08:00","20:00","08:00","20:00","08:00","20:00","08:00","20:00","08:00","20:00","08:00","20:00","02/01/2024","01/31/2025","243.858133937","0310652","0310651","23C","MULTILINESTRING ((-73.98033298291035 40.726280335947244, -73.98016968507719 40.72650449865117), (-73.98016968507719 40.72650449865117, -73.9799065028015 40.726865772326626))"
"368","Prospect Heights Neighborhood Development Council","VANDERBILT AVENUE","Brooklyn","ATLANTIC AVENUE","PARK PLACE","fri,sat,sun","approvedFull",,,,,,,,,"16:00","23:00","11:00","23:00","11:00","18:00","05/03/2024","09/29/2024","274.02276269","0163714","0163712","23C","MULTILINESTRING ((-73.96747796358216 40.6815862901559, -73.96767828305204 40.680955455312464), (-73.96750697811225 40.681687020868736, -73.96747796358216 40.6815862901559))"
"369","Van Duzer Civic Association","WATER STREET","Staten Island","BEACH STREET","CANAL STREET","sat","approvedFull",,,,,,,,,,,"12:00","17:00",,,"06/01/2024","09/28/2024","429.93480255","0105664","0105663","23C","MULTILINESTRING ((-74.07766169236253 40.62699638683274, -74.07790082507539 40.62693068519505), (-74.07638043696835 40.62713785238506, -74.07766169236253 40.62699638683274))"
"370","Banana Kelly Community Improvement Association, Inc.","SIMPSON STREET","Bronx","EAST 163 STREET","FOX STREET","sat,sun","approvedFull",,,,,,,,,,,"11:00","18:00","11:00","18:00","06/22/2024","08/10/2024","504.242528274","0113457","0113456","23C","MULTILINESTRING ((-73.89389462499463 40.81986028898609, -73.8929015621665 40.82081122310346), (-73.8929015621665 40.82081122310346, -73.89283653037859 40.820974053548525))"
"371","Ballet Tech School","BROADWAY","Manhattan","EAST 20 STREET","EAST 19 STREET","mon,tue,wed,thu,fri","approvedFullSchools","09:30","12:30","09:30","12:30","09:30","12:30","09:30","12:30","09:30","12:30",,,,,"09/05/2024","06/27/2025","260.480780972","0310026","0310025","23C","MULTILINESTRING ((-73.98995645586373 40.73847714394962, -73.98988442006281 40.7387359020562), (-73.98988442006281 40.7387359020562, -73.9897648749965 40.73917708878294))"
"372","Bright Leaders Group Family Day Care Inc.","GRAND AVENUE","Bronx","WEST BURNSIDE AVENUE","WEST TREMONT AVENUE","fri","approvedFullSchools",,,,,,,,,"12:30","16:00",,,,,"07/12/2024","09/06/2024","844.837048985","0116364","0116363","23C","MULTILINESTRING ((-73.91077673469154 40.85193875832601, -73.9107827939098 40.85208084261302, -73.91078279378901 40.8520809326621, -73.91078278063519 40.852081013696186, -73.91076972031928 40.85222492019574, -73.91076970821844 40.852225100284734, -73.9107696723991 40.85222528035541, -73.91073693787804 40.852368892476136, -73.91073691401449 40.852369000516696, -73.91073687829169 40.852369108548075, -73.9106845317698 40.85251016608718, -73.91068447225568 40.85251032812962, -73.9106843902089 40.85251049015461, -73.91061313327563 40.85264661633104, -73.91061305122852 40.852646778355975, -73.91061294310303 40.852646931355785, -73.9105240735081 40.85277603800064, -73.91052395468455 40.8527762090019, -73.91052381215442 40.852776370979875, -73.91041905180754 40.85289669442618, -73.9104190031114 40.85289674841787, -73.91041894374183 40.85289680240128, -73.91030042688271 40.853006885469384), (-73.91030042688271 40.853006885469384, -73.90942957541111 40.853959438474796))"
"373","Chauncey Street Block & Tenants Association","CHAUNCEY STREET","Brooklyn","HOWARD AVENUE","SARATOGA AVENUE","sat","approvedLimited",,,,,,,,,,,"10:00","18:00",,,"03/01/2024","10/31/2024","769.620395073","0106359","0106358","23C","MULTILINESTRING ((-73.91972011265803 40.68151903486765, -73.91735516792353 40.681791909442545), (-73.91735516792353 40.681791909442545, -73.91697632892352 40.68183415901799))"
"374","Salsa Stories","BECK STREET","Bronx","LEGGETT AVENUE","AVENUE ST JOHN","fri","approvedFull",,,,,,,,,"18:00","21:00",,,,,"08/02/2024","08/23/2024","619.314479576","0130782","0130781","23C","MULTILINESTRING ((-73.902218502923 40.81449326550135, -73.9014496054109 40.81470946868585), (-73.9014496054109 40.81470946868585, -73.90012021612286 40.815083264010305))"
"375","Flatbush Development Corporation","NEWKIRK AVENUE","Brooklyn","EAST 17 STREET","CONEY ISLAND AVENUE","sun","approvedFull",,,,,,,,,,,,,"11:00","20:00","05/19/2024","07/15/2024","284.786787549","0326177","0326176","23C","MULTILINESTRING ((-73.96421566840479 40.63510003775236, -73.96411574608477 40.635148216801625), (-73.96411574608477 40.635148216801625, -73.9633486533201 40.63551807467684))"
"376","Lower East Side Partnership","ORCHARD STREET","Manhattan","DELANCEY STREET","EAST HOUSTON STREET","sun","approvedFull",,,,,,,,,,,,,"08:00","18:00","02/04/2024","01/26/2025","473.507203797","0312073","0312072","23C","MULTILINESTRING ((-73.98973302022377 40.71909624923956, -73.9896284484745 40.719300688915524), (-73.9896284484745 40.719300688915524, -73.98911349129648 40.720307422081866))"
"377","Hellenic Classical Charter Schools","18 STREET","Brooklyn","5 AVENUE","4 AVENUE","mon,tue,wed,thu,fri","approvedFullSchools","08:15","15:35","08:15","15:35","08:15","15:35","08:15","15:35","08:15","15:35",,,,,"09/05/2024","06/27/2025","782.228338585","0328789","0328788","23C","MULTILINESTRING ((-73.99200716532654 40.663232003030046, -73.99167274842982 40.66302867967921), (-73.99387610081584 40.66436833938168, -73.99200716532654 40.663232003030046))"
"378","34th Avenue Open Streets Coalition","34 AVENUE","Queens","69 STREET","JUNCTION BOULEVARD","mon,tue,wed,thu,fri,sat,sun","approvedLimited","07:00","20:00","07:00","20:00","07:00","20:00","07:00","20:00","07:00","20:00","07:00","20:00","07:00","20:00","02/01/2024","12/31/2024","272.995599601","0153824","0152515","23C","MULTILINESTRING ((-73.89715726900846 40.7524569857242, -73.89704298191411 40.7524310030795), (-73.89704298191411 40.7524310030795, -73.8961854307138 40.75252296753435))"
"379","DHS Block Association","DECATUR STREET","Brooklyn","HOWARD AVENUE","SARATOGA AVENUE","sat","approvedLimited",,,,,,,,,,,"12:00","20:00",,,"05/25/2024","10/26/2024","769.964464111","0106367","0106366","23C","MULTILINESTRING ((-73.92001111872648 40.682986535806634, -73.91764775462853 40.68325921936736), (-73.91764775462853 40.68325921936736, -73.91726632653388 40.68330322404587))"
"380","Meatpacking District Management Association","GANSEVOORT STREET","Manhattan","HUDSON STREET","10 AVENUE","wed,thu,fri,sat,sun","approvedFull",,,,,"14:00","22:00","14:00","22:00","14:00","22:00","12:00","22:00","12:00","22:00","04/01/2024","12/31/2024","451.514242254","0236855","0236854","23C","MULTILINESTRING ((-74.00805064100945 40.73937540083721, -74.0082577257511 40.73937592918076), (-74.0082577257511 40.73937592918076, -74.009679958722 40.73937954381952))"
"381","Columbus Avenue Business Improvement District","COLUMBUS AVENUE","Manhattan","WEST 68 STREET","WEST 77 STREET","sun","approvedFull",,,,,,,,,,,,,"10:00","20:00","05/05/2024","06/23/2024","273.48873677","0218229","0218228","23C","MULTILINESTRING ((-73.97690314233175 40.77999735722276, -73.97666324476106 40.78032864949369), (-73.97666324476106 40.78032864949369, -73.97641669631618 40.78065055755861))"
"382","Columbus Avenue Business Improvement District","COLUMBUS AVENUE","Manhattan","WEST 68 STREET","WEST 77 STREET","sun","approvedFull",,,,,,,,,,,,,"10:00","20:00","09/15/2024","10/27/2024","273.48873677","0218229","0218228","23C","MULTILINESTRING ((-73.97690314233175 40.77999735722276, -73.97666324476106 40.78032864949369), (-73.97666324476106 40.78032864949369, -73.97641669631618 40.78065055755861))"
"383","34th Avenue Open Streets Coalition","34 AVENUE","Queens","69 STREET","JUNCTION BOULEVARD","mon,tue,wed,thu,fri,sat,sun","approvedLimited","07:00","20:00","07:00","20:00","07:00","20:00","07:00","20:00","07:00","20:00","07:00","20:00","07:00","20:00","02/01/2024","12/31/2024","259.687841782","0153719","0153719","23C","MULTILINESTRING ((-73.88967658623733 40.75319988040462, -73.88874882665968 40.75330132163793))"
"384","34th Avenue Open Streets Coalition","34 AVENUE","Queens","69 STREET","JUNCTION BOULEVARD","mon,tue,wed,thu,fri,sat,sun","approvedLimited","07:00","20:00","07:00","20:00","07:00","20:00","07:00","20:00","07:00","20:00","07:00","20:00","07:00","20:00","02/01/2024","12/31/2024","258.499103916","0153718","0153718","23C","MULTILINESTRING ((-73.89340443486667 40.75288957211642, -73.89248074927131 40.75298960726287))"
"385","34th Avenue Open Streets Coalition","34 AVENUE","Queens","69 STREET","JUNCTION BOULEVARD","mon,tue,wed,thu,fri,sat,sun","approvedLimited","07:00","20:00","07:00","20:00","07:00","20:00","07:00","20:00","07:00","20:00","07:00","20:00","07:00","20:00","02/01/2024","12/31/2024","259.65719474","0153279","0153279","23C","MULTILINESTRING ((-73.88969104266643 40.75327986821046, -73.88876187499983 40.75337292448708))"
"386","34th Avenue Open Streets Coalition","34 AVENUE","Queens","69 STREET","JUNCTION BOULEVARD","mon,tue,wed,thu,fri,sat,sun","approvedLimited","07:00","20:00","07:00","20:00","07:00","20:00","07:00","20:00","07:00","20:00","07:00","20:00","07:00","20:00","02/01/2024","12/31/2024","238.806232187","0154004","0154004","23C","MULTILINESTRING ((-73.89705160055586 40.75250123316205, -73.89619819425857 40.7525931464853))"
"387","34th Avenue Open Streets Coalition","34 AVENUE","Queens","69 STREET","JUNCTION BOULEVARD","mon,tue,wed,thu,fri,sat,sun","approvedLimited","07:00","20:00","07:00","20:00","07:00","20:00","07:00","20:00","07:00","20:00","07:00","20:00","07:00","20:00","02/01/2024","12/31/2024","260.139672242","0152874","0152874","23C","MULTILINESTRING ((-73.87480201131594 40.754767601078946, -73.87387016070036 40.7548552582752))"
"388","34th Avenue Open Streets Coalition","34 AVENUE","Queens","69 STREET","JUNCTION BOULEVARD","mon,tue,wed,thu,fri,sat,sun","approvedLimited","07:00","20:00","07:00","20:00","07:00","20:00","07:00","20:00","07:00","20:00","07:00","20:00","07:00","20:00","02/01/2024","12/31/2024","260.165635024","0153240","0153240","23C","MULTILINESTRING ((-73.87481744766366 40.754852445544905, -73.87388541804204 40.75493958848121))"
"389","34th Avenue Open Streets Coalition","34 AVENUE","Queens","69 STREET","JUNCTION BOULEVARD","mon,tue,wed,thu,fri,sat,sun","approvedLimited","07:00","20:00","07:00","20:00","07:00","20:00","07:00","20:00","07:00","20:00","07:00","20:00","07:00","20:00","02/01/2024","12/31/2024","260.679464127","0153746","0153746","23C","MULTILINESTRING ((-73.88876187499983 40.75337292448708, -73.88782926789756 40.75346760884211))"
"390","34th Avenue Open Streets Coalition","34 AVENUE","Queens","69 STREET","JUNCTION BOULEVARD","mon,tue,wed,thu,fri,sat,sun","approvedLimited","07:00","20:00","07:00","20:00","07:00","20:00","07:00","20:00","07:00","20:00","07:00","20:00","07:00","20:00","02/01/2024","12/31/2024","259.547083102","0153484","0153484","23C","MULTILINESTRING ((-73.88782926789756 40.75346760884211, -73.88690314972068 40.75357486308634))"
"391","34th Avenue Open Streets Coalition","34 AVENUE","Queens","69 STREET","JUNCTION BOULEVARD","mon,tue,wed,thu,fri,sat,sun","approvedLimited","07:00","20:00","07:00","20:00","07:00","20:00","07:00","20:00","07:00","20:00","07:00","20:00","07:00","20:00","02/01/2024","12/31/2024","260.479911597","0153175","0153175","23C","MULTILINESTRING ((-73.88874882665968 40.75330132163793, -73.88781742388635 40.75339868066337))"
